date,active_zone_minutes,avg_beats_per_minute,total_steps_taken,date_of_sleep,sleep_start_time,sleep_end_time,sleep_duration,minutes_asleep,minutes_awake,minutes_after_wakeup,time_in_bed,sleep_efficiency,sleep_type,sleep_info_code,main_sleep,sleep_restless_count,sleep_restless_minutes,sleep_awake_count,sleep_awake_minutes,sleep_asleep_count,sleep_asleep_minutes,sleep_deep_count,sleep_deep_minutes,sleep_deep_thirtyDayAvgMinutes,sleep_wake_count,sleep_wake_minutes,sleep_wake_thirtyDayAvgMinutes,sleep_light_count,sleep_light_minutes,sleep_light_thirtyDayAvgMinutes,sleep_rem_count,sleep_rem_minutes,sleep_rem_thirtyDayAvgMinutes
2025-01-04,37,97.42461197339246,5615,2025-01-04,2025-01-04T23:38:30.000,2025-01-05T08:51:30.000,33180000,509,44,0,553,98,stages,0,1,,,,,,,4.0,97.0,0.0,19.0,44.0,0.0,24.0,261.0,0.0,6.0,151.0,0.0
2025-01-05,22,76.00806314717366,8105,2025-01-05,2025-01-06T00:08:30.000,2025-01-06T07:54:00.000,27900000,409,56,0,465,99,stages,0,1,,,,,,,3.0,59.0,97.0,19.0,56.0,44.0,20.0,228.0,261.0,10.0,122.0,151.0
2025-01-06,64,74.7420994033515,5923,2025-01-06,2025-01-07T00:14:30.000,2025-01-07T07:41:30.000,26820000,397,50,0,447,98,stages,0,1,,,,,,,4.0,39.0,78.0,15.0,50.0,50.0,17.0,263.0,245.0,4.0,95.0,137.0
2025-01-07,79,84.2196506093415,20018,2025-01-07,2025-01-07T23:51:30.000,2025-01-08T07:53:30.000,28920000,417,65,0,482,92,stages,0,1,,,,,,,4.0,105.0,65.0,25.0,65.0,50.0,21.0,227.0,251.0,9.0,85.0,123.0
2025-01-08,7,80.42079400982763,13712,2025-01-08,2025-01-08T23:15:30.000,2025-01-09T07:24:30.000,29340000,445,44,1,489,95,stages,0,1,,,,,,,3.0,108.0,75.0,14.0,44.0,54.0,16.0,198.0,245.0,5.0,139.0,113.0
2025-01-09,47,74.51758636042217,13992,2025-01-09,2025-01-09T23:52:30.000,2025-01-10T07:39:30.000,28020000,428,39,0,467,97,stages,0,1,,,,,,,3.0,42.0,82.0,15.0,39.0,52.0,18.0,256.0,235.0,6.0,130.0,118.0
2025-01-10,6,78.8933686457021,16395,2025-01-10,2025-01-11T02:05:00.000,2025-01-11T13:01:30.000,39360000,613,43,0,656,98,stages,0,1,,,,,,,9.0,179.0,75.0,29.0,43.0,50.0,29.0,249.0,239.0,12.0,185.0,120.0
2025-01-11,1,70.28376556427948,4622,2025-01-11,2025-01-12T01:53:00.000,2025-01-12T08:44:00.000,24660000,369,42,0,411,98,stages,0,1,,,,,,,3.0,78.0,90.0,12.0,42.0,49.0,13.0,167.0,240.0,6.0,124.0,130.0
2025-01-12,10,75.35886624502226,3411,2025-01-12,2025-01-13T00:41:00.000,2025-01-13T07:43:00.000,25320000,382,40,3,422,98,stages,0,1,,,,,,,5.0,83.0,88.0,17.0,40.0,48.0,20.0,208.0,231.0,5.0,91.0,129.0
2025-01-14,9,79.92994683692417,11425,2025-01-14,2025-01-14T22:15:00.000,2025-01-15T05:10:00.000,24900000,365,50,0,415,97,stages,0,1,,,,,,,5.0,40.0,88.0,18.0,50.0,47.0,19.0,238.0,229.0,6.0,87.0,125.0
2025-01-15,6,80.47370859393097,6084,2025-01-15,2025-01-15T23:22:30.000,2025-01-16T06:44:30.000,26520000,391,51,2,442,95,stages,0,1,,,,,,,4.0,62.0,83.0,16.0,51.0,47.0,19.0,223.0,230.0,5.0,106.0,121.0
2025-01-16,2,78.90957570737011,10749,2025-01-16,2025-01-16T22:49:00.000,2025-01-17T07:38:30.000,31740000,477,52,3,529,97,stages,0,1,,,,,,,4.0,138.0,81.0,25.0,52.0,48.0,27.0,221.0,229.0,9.0,118.0,120.0
2025-01-17,17,72.65076038628189,8455,2025-01-17,2025-01-18T00:16:30.000,2025-01-18T09:20:30.000,32640000,496,48,0,544,94,stages,0,1,,,,,,,4.0,116.0,86.0,35.0,48.0,48.0,38.0,298.0,228.0,9.0,82.0,119.0
2025-01-18,69,85.21929598515693,4735,2025-01-18,2025-01-19T00:32:00.000,2025-01-19T11:52:00.000,40800000,634,46,0,680,97,stages,0,1,,,,,,,6.0,107.0,88.0,19.0,46.0,48.0,24.0,302.0,234.0,11.0,225.0,117.0
2025-01-19,2,76.60196326789107,2414,2025-01-19,2025-01-20T00:22:30.000,2025-01-20T08:09:30.000,28020000,431,36,0,467,97,stages,0,1,,,,,,,4.0,92.0,90.0,24.0,36.0,48.0,25.0,242.0,239.0,9.0,97.0,124.0
2025-01-20,26,80.11305881132662,8531,2025-01-20,2025-01-21T00:33:30.000,2025-01-21T08:52:30.000,29940000,454,45,0,499,97,stages,0,1,,,,,,,5.0,85.0,90.0,19.0,45.0,47.0,19.0,269.0,239.0,6.0,100.0,122.0
2025-01-21,7,78.12413249612324,10795,2025-01-21,2025-01-21T23:33:30.000,2025-01-22T07:39:30.000,29160000,420,66,0,486,94,stages,0,1,,,,,,,4.0,39.0,89.0,17.0,66.0,47.0,21.0,278.0,241.0,7.0,103.0,121.0
2025-01-22,17,83.03709289840994,7049,2025-01-22,2025-01-22T23:01:30.000,2025-01-23T07:05:30.000,29040000,427,57,0,484,97,stages,0,1,,,,,,,4.0,96.0,86.0,24.0,57.0,48.0,27.0,259.0,243.0,4.0,72.0,120.0
2025-01-23,48,84.6229445894246,9145,2025-01-23,2025-01-24T00:40:30.000,2025-01-24T07:22:30.000,24120000,370,32,0,402,97,stages,0,1,,,,,,,4.0,66.0,87.0,12.0,32.0,49.0,14.0,214.0,244.0,5.0,90.0,117.0
2025-01-24,63,81.76532640269072,10304,2025-01-24,2025-01-24T23:34:30.000,2025-01-25T08:15:30.000,31260000,465,56,0,521,99,stages,0,1,,,,,,,2.0,72.0,86.0,23.0,56.0,48.0,25.0,316.0,242.0,5.0,77.0,116.0
2025-01-26,0,81.44013848559302,2170,2025-01-26,2025-01-26T23:36:00.000,2025-01-27T07:26:00.000,28200000,425,45,9,470,98,stages,0,1,,,,,,,5.0,118.0,0.0,25.0,45.0,0.0,27.0,208.0,0.0,5.0,99.0,0.0
2025-01-27,100,86.67430051287259,11810,2025-01-27,2025-01-27T22:18:30.000,2025-01-28T06:39:00.000,30000000,442,58,0,500,95,stages,0,1,,,,,,,2.0,82.0,118.0,17.0,58.0,45.0,17.0,232.0,208.0,6.0,128.0,99.0
2025-01-28,135,87.82686421277361,14702,2025-01-28,2025-01-29T01:17:30.000,2025-01-29T07:16:00.000,21480000,315,43,0,358,90,stages,0,1,,,,,,,3.0,74.0,100.0,22.0,43.0,52.0,20.0,187.0,220.0,5.0,54.0,114.0
2025-01-29,3,89.58645396444977,9310,2025-01-29,2025-01-30T00:55:30.000,2025-01-30T06:57:00.000,21660000,316,45,1,361,99,stages,0,1,,,,,,,2.0,60.0,91.0,12.0,45.0,49.0,13.0,180.0,209.0,4.0,76.0,94.0
2025-01-30,1,84.58801554848806,11208,2025-01-30,2025-01-30T21:04:00.000,2025-01-31T06:47:00.000,34980000,532,51,0,583,98,stages,0,1,,,,,,,6.0,87.0,84.0,19.0,51.0,48.0,25.0,276.0,202.0,6.0,169.0,89.0
2025-01-31,6,79.15154087564953,4475,2025-01-31,2025-02-01T01:26:00.000,2025-02-01T15:52:30.000,51960000,796,70,0,866,97,stages,0,1,,,,,,,9.0,192.0,84.0,31.0,70.0,48.0,36.0,333.0,217.0,14.0,271.0,105.0
2025-02-01,111,75.54428111365053,5213,2025-02-01,2025-02-02T01:33:30.000,2025-02-02T08:56:00.000,26520000,414,28,0,442,96,stages,0,1,,,,,,,2.0,83.0,102.0,18.0,28.0,52.0,18.0,192.0,236.0,6.0,139.0,133.0
2025-02-02,28,90.42833380249252,5200,2025-02-02,2025-02-03T00:15:00.000,2025-02-03T06:59:00.000,24240000,382,22,0,404,98,stages,0,1,,,,,,,2.0,64.0,99.0,13.0,22.0,49.0,14.0,232.0,230.0,4.0,86.0,134.0
2025-02-03,19,83.22006157408626,8540,2025-02-03,2025-02-03T21:21:00.000,2025-02-04T05:18:30.000,28620000,431,46,0,477,97,stages,0,1,,,,,,,5.0,102.0,95.0,17.0,46.0,45.0,20.0,216.0,230.0,4.0,113.0,128.0
2025-02-04,7,83.51419493167317,9138,2025-02-04,2025-02-04T23:25:00.000,2025-02-05T07:17:00.000,28320000,422,50,0,472,97,stages,0,1,,,,,,,5.0,61.0,96.0,26.0,50.0,45.0,31.0,259.0,228.0,6.0,102.0,126.0
2025-02-05,1,78.35968782677446,7467,2025-02-05,2025-02-05T23:10:00.000,2025-02-06T07:05:00.000,28500000,438,37,1,475,97,stages,0,1,,,,,,,3.0,82.0,92.0,18.0,37.0,46.0,23.0,242.0,232.0,5.0,114.0,124.0
2025-02-06,5,77.87779699073477,11589,2025-02-06,2025-02-06T23:18:30.000,2025-02-07T07:06:30.000,28080000,408,60,0,468,97,stages,0,1,,,,,,,3.0,67.0,91.0,17.0,60.0,45.0,19.0,243.0,232.0,4.0,98.0,123.0
2025-02-07,24,88.3284405074924,10623,2025-02-07,2025-02-07T22:39:00.000,2025-02-08T09:00:30.000,37260000,577,44,0,621,98,stages,0,1,,,,,,,6.0,104.0,89.0,28.0,44.0,46.0,27.0,317.0,233.0,9.0,156.0,121.0
2025-02-08,9,80.35250406378202,2818,2025-02-08,2025-02-08T23:56:00.000,2025-02-09T10:31:30.000,38100000,559,76,1,635,96,stages,0,1,,,,,,,5.0,134.0,90.0,24.0,76.0,46.0,25.0,270.0,240.0,9.0,155.0,123.0
2025-02-09,127,82.20123171670515,7411,2025-02-09,2025-02-10T16:29:00.000,2025-02-10T19:44:30.000,11700000,165,30,0,195,99,stages,0,0,,,,,,,2.0,22.0,94.0,7.0,30.0,48.0,7.0,118.0,242.0,2.0,25.0,126.0
2025-02-10,4,88.00970998815227,5088,2025-02-10,2025-02-11T00:45:00.000,2025-02-11T07:07:00.000,22920000,349,33,0,382,95,stages,0,1,,,,,,,2.0,103.0,92.0,18.0,33.0,50.0,16.0,172.0,247.0,5.0,74.0,126.0
2025-02-11,135,81.71596136154554,11219,2025-02-11,2025-02-12T00:12:30.000,2025-02-12T06:29:30.000,22620000,344,33,0,377,98,stages,0,1,,,,,,,5.0,74.0,93.0,11.0,33.0,49.0,12.0,178.0,242.0,5.0,92.0,123.0
2025-02-12,0,83.42709721242521,10631,2025-02-12,2025-02-13T01:16:30.000,2025-02-13T07:13:30.000,21420000,323,34,0,357,97,stages,0,1,,,,,,,3.0,58.0,92.0,11.0,34.0,48.0,14.0,163.0,238.0,4.0,102.0,121.0
2025-02-13,0,75.61651001225991,9366,2025-02-13,2025-02-13T22:21:30.000,2025-02-14T11:59:00.000,49020000,732,85,12,817,95,stages,0,1,,,,,,,5.0,177.0,90.0,25.0,85.0,47.0,30.0,398.0,234.0,9.0,157.0,120.0
2025-02-14,4,78.76469829476562,3724,2025-02-14,2025-02-14T22:33:00.000,2025-02-15T09:05:00.000,37920000,583,49,0,632,98,stages,0,1,,,,,,,6.0,134.0,95.0,19.0,49.0,49.0,21.0,293.0,243.0,10.0,156.0,122.0
2025-02-15,22,81.79368355058645,4574,2025-02-15,2025-02-16T08:06:00.000,2025-02-16T11:37:00.000,12660000,180,31,0,211,93,stages,0,0,,,,,,,2.0,34.0,97.0,5.0,31.0,49.0,6.0,118.0,245.0,2.0,28.0,124.0
2025-02-16,10,83.26485507246377,5240,2025-02-16,2025-02-17T00:15:00.000,2025-02-17T07:04:30.000,24540000,366,43,0,409,95,stages,0,1,,,,,,,5.0,103.0,96.0,17.0,43.0,50.0,16.0,164.0,249.0,7.0,99.0,123.0
2025-02-17,21,79.4768499379909,9947,2025-02-17,2025-02-17T23:40:30.000,2025-02-18T06:34:00.000,24780000,371,42,0,413,96,stages,0,1,,,,,,,4.0,113.0,96.0,18.0,42.0,49.0,17.0,202.0,245.0,2.0,56.0,122.0
2025-02-18,3,84.12933125654317,6205,2025-02-18,2025-02-18T23:01:00.000,2025-02-19T06:54:00.000,28380000,420,53,0,473,98,stages,0,1,,,,,,,4.0,146.0,97.0,17.0,53.0,49.0,16.0,105.0,243.0,8.0,169.0,119.0
2025-02-19,37,78.8701519443729,9821,2025-02-19,2025-02-19T22:49:30.000,2025-02-20T02:29:30.000,13200000,205,15,0,220,95,stages,0,1,,,,,,,1.0,52.0,99.0,10.0,15.0,49.0,10.0,110.0,237.0,4.0,43.0,121.0
2025-02-20,7,91.7800209965275,8045,2025-02-20,2025-02-20T23:44:30.000,2025-02-21T07:27:00.000,27720000,414,48,5,462,99,stages,0,1,,,,,,,5.0,94.0,97.0,13.0,48.0,48.0,16.0,222.0,232.0,6.0,98.0,118.0
2025-02-21,48,84.75982754248035,8639,2025-02-21,2025-02-21T23:52:00.000,2025-02-22T09:06:30.000,33240000,520,34,0,554,99,stages,0,1,,,,,,,8.0,108.0,97.0,17.0,34.0,48.0,18.0,244.0,232.0,9.0,168.0,117.0
2025-02-25,13,83.13700611566473,12371,2025-02-25,2025-02-25T22:07:30.000,2025-02-26T07:26:30.000,33540000,502,57,0,559,97,stages,0,1,,,,,,,6.0,138.0,0.0,18.0,57.0,0.0,21.0,245.0,0.0,6.0,119.0,0.0
2025-02-26,33,86.87641630351192,5116,2025-02-26,2025-02-26T23:58:00.000,2025-02-27T06:46:30.000,24480000,369,39,3,408,96,stages,0,1,,,,,,,4.0,123.0,138.0,12.0,39.0,57.0,12.0,166.0,245.0,4.0,80.0,119.0
2025-02-27,8,92.2716049382716,9227,2025-02-27,2025-02-27T22:37:00.000,2025-02-28T06:57:30.000,30000000,442,58,0,500,94,stages,0,1,,,,,,,5.0,126.0,131.0,16.0,58.0,48.0,15.0,207.0,206.0,5.0,109.0,100.0
2025-02-28,7,86.1706255759189,8623,2025-02-28,2025-02-28T23:33:00.000,2025-03-01T09:44:00.000,36660000,573,38,0,611,99,stages,0,1,,,,,,,7.0,105.0,129.0,23.0,38.0,51.0,24.0,310.0,206.0,14.0,158.0,103.0
2025-03-01,26,79.54034077647242,2982,2025-03-01,2025-03-01T23:11:00.000,2025-03-02T08:28:00.000,33420000,497,60,0,557,98,stages,0,1,,,,,,,7.0,93.0,123.0,25.0,60.0,48.0,28.0,258.0,232.0,13.0,146.0,117.0
2025-03-02,11,75.77232993241657,4677,2025-03-02,2025-03-02T22:58:30.000,2025-03-03T07:20:30.000,30120000,461,41,0,502,97,stages,0,1,,,,,,,4.0,115.0,117.0,19.0,41.0,50.0,23.0,252.0,237.0,5.0,94.0,122.0
2025-03-03,9,90.15389088334936,11193,2025-03-03,2025-03-04T00:05:00.000,2025-03-04T07:27:30.000,26520000,389,53,0,442,90,stages,0,1,,,,,,,5.0,103.0,117.0,13.0,53.0,49.0,17.0,173.0,240.0,11.0,113.0,118.0
2025-03-05,6,89.50317582882906,11041,2025-03-05,2025-03-05T23:14:00.000,2025-03-06T06:46:00.000,27120000,395,57,2,452,94,stages,0,1,,,,,,,1.0,64.0,106.0,24.0,57.0,47.0,25.0,253.0,219.0,5.0,78.0,107.0
2025-03-06,6,81.62124868044036,11593,2025-03-06,2025-03-07T00:28:00.000,2025-03-07T07:00:30.000,23520000,334,58,0,392,95,stages,0,1,,,,,,,2.0,102.0,101.0,14.0,58.0,48.0,18.0,160.0,223.0,4.0,72.0,104.0
2025-03-07,8,82.19796513114167,11003,2025-03-07,2025-03-08T00:50:00.000,2025-03-08T09:38:30.000,31680000,458,70,0,528,97,stages,0,1,,,,,,,3.0,76.0,101.0,13.0,70.0,49.0,17.0,255.0,216.0,6.0,127.0,101.0
2025-03-08,49,74.7590165835556,3982,2025-03-08,2025-03-08T23:03:00.000,2025-03-09T12:35:00.000,48720000,672,80,4,812,95,stages,0,1,,,,,,,6.0,152.0,99.0,24.0,80.0,51.0,34.0,325.0,220.0,12.0,195.0,103.0
2025-03-09,6,78.95641409191727,5923,2025-03-09,2025-03-09T23:12:00.000,2025-03-10T07:19:00.000,29220000,401,86,0,487,96,stages,0,1,,,,,,,3.0,88.0,103.0,23.0,86.0,53.0,24.0,227.0,229.0,3.0,86.0,111.0
2025-03-10,161,86.5563208458293,9322,2025-03-10,2025-03-10T23:18:30.000,2025-03-11T06:35:00.000,26160000,381,55,0,436,99,stages,0,1,,,,,,,4.0,116.0,102.0,16.0,55.0,56.0,16.0,147.0,228.0,7.0,118.0,109.0
2025-03-11,169,89.08024356890368,14694,2025-03-11,2025-03-11T23:42:00.000,2025-03-12T07:38:30.000,28560000,447,29,0,476,98,stages,0,1,,,,,,,3.0,68.0,103.0,17.0,29.0,56.0,17.0,283.0,223.0,8.0,96.0,109.0
2025-03-12,94,87.22858373884834,8847,2025-03-12,2025-03-12T22:16:30.000,2025-03-13T05:09:00.000,24720000,375,37,0,412,93,stages,0,1,,,,,,,2.0,54.0,101.0,12.0,37.0,54.0,18.0,222.0,227.0,5.0,99.0,108.0
2025-03-13,8,82.12991548155271,6480,2025-03-13,2025-03-14T01:31:00.000,2025-03-14T07:26:30.000,21300000,321,34,0,355,98,stages,0,1,,,,,,,2.0,59.0,98.0,11.0,34.0,53.0,13.0,175.0,226.0,4.0,87.0,108.0
2025-03-14,126,83.62745806451613,10155,2025-03-14,2025-03-15T00:33:00.000,2025-03-15T10:13:30.000,34800000,530,50,0,580,97,stages,0,1,,,,,,,4.0,131.0,95.0,17.0,50.0,52.0,17.0,230.0,223.0,8.0,169.0,107.0
2025-03-15,2,75.27436203939504,2171,2025-03-15,2025-03-16T02:06:00.000,2025-03-16T11:58:00.000,35520000,540,52,0,592,99,stages,0,1,,,,,,,6.0,92.0,97.0,21.0,52.0,52.0,22.0,325.0,224.0,6.0,123.0,110.0
2025-03-16,0,72.64224484328957,875,2025-03-16,2025-03-17T00:31:00.000,2025-03-17T07:21:30.000,24600000,375,35,0,410,98,stages,0,1,,,,,,,4.0,89.0,97.0,17.0,35.0,52.0,19.0,170.0,229.0,5.0,116.0,111.0
2025-03-18,3,82.78917371570043,9473,2025-03-18,2025-03-19T01:10:30.000,2025-03-19T07:10:30.000,21600000,333,27,0,360,99,stages,0,1,,,,,,,2.0,84.0,97.0,9.0,27.0,51.0,9.0,171.0,226.0,2.0,78.0,111.0
2025-03-19,200,87.29212001318827,9075,2025-03-19,2025-03-20T00:03:30.000,2025-03-20T07:23:30.000,26400000,407,33,0,440,100,stages,0,1,,,,,,,3.0,101.0,96.0,12.0,33.0,50.0,13.0,178.0,223.0,7.0,128.0,109.0
2025-03-20,21,82.78106372636803,13278,2025-03-20,2025-03-21T00:06:00.000,2025-03-21T07:18:00.000,25920000,391,41,0,432,97,stages,0,1,,,,,,,4.0,55.0,96.0,13.0,41.0,49.0,14.0,251.0,221.0,3.0,85.0,110.0
2025-03-21,52,86.02446546052632,9722,2025-03-21,2025-03-21T23:18:00.000,2025-03-22T09:27:30.000,36540000,550,59,0,609,99,stages,0,1,,,,,,,5.0,96.0,95.0,15.0,59.0,49.0,18.0,298.0,223.0,9.0,156.0,109.0
2025-03-22,0,76.38325875919094,2533,2025-03-22,2025-03-23T01:11:00.000,2025-03-23T08:53:00.000,27720000,422,40,0,462,98,stages,0,1,,,,,,,5.0,93.0,95.0,14.0,40.0,49.0,16.0,226.0,226.0,4.0,103.0,111.0
2025-03-23,13,76.55897199374792,3143,2025-03-23,2025-03-23T22:41:30.000,2025-03-24T06:53:30.000,29520000,466,26,0,492,99,stages,0,1,,,,,,,5.0,121.0,95.0,24.0,26.0,49.0,25.0,220.0,226.0,6.0,125.0,111.0
2025-03-24,44,93.56325141566012,12617,2025-03-24,2025-03-25T00:45:00.000,2025-03-25T07:35:30.000,24600000,373,37,0,410,97,stages,0,1,,,,,,,3.0,72.0,96.0,14.0,37.0,48.0,17.0,211.0,226.0,3.0,90.0,111.0
2025-03-25,47,87.78539569262138,12049,2025-03-25,2025-03-25T22:35:00.000,2025-03-26T07:04:00.000,30540000,451,58,1,509,98,stages,0,1,,,,,,,4.0,91.0,95.0,15.0,58.0,47.0,13.0,235.0,225.0,7.0,125.0,111.0
2025-03-26,100,89.46152863312294,12433,2025-03-26,2025-03-26T22:43:00.000,2025-03-27T05:50:00.000,25620000,390,37,0,427,99,stages,0,1,,,,,,,3.0,70.0,95.0,18.0,37.0,48.0,17.0,202.0,225.0,8.0,118.0,111.0
2025-03-27,131,87.86398354121127,13165,2025-03-27,2025-03-27T23:27:00.000,2025-03-28T07:12:00.000,27900000,424,41,0,465,98,stages,0,1,,,,,,,4.0,102.0,70.0,11.0,41.0,37.0,15.0,187.0,202.0,5.0,135.0,118.0
2025-03-28,258,94.00081833060555,13809,2025-03-28,2025-03-29T01:36:00.000,2025-03-29T09:30:30.000,28440000,404,70,0,474,92,stages,0,1,,,,,,,3.0,88.0,86.0,12.0,70.0,39.0,14.0,225.0,195.0,4.0,91.0,127.0
2025-03-29,5,85.44009169638309,6169,2025-03-29,2025-03-30T01:16:00.000,2025-03-30T11:03:00.000,35220000,545,42,0,587,98,stages,0,1,,,,,,,5.0,128.0,87.0,19.0,42.0,49.0,24.0,253.0,205.0,8.0,164.0,115.0
2025-03-30,3,73.86422302529685,3090,2025-03-30,2025-03-31T00:15:30.000,2025-03-31T07:13:30.000,25080000,387,31,0,418,98,stages,0,1,,,,,,,4.0,71.0,97.0,23.0,31.0,48.0,24.0,224.0,217.0,5.0,92.0,127.0
2025-03-31,117,91.25942696341777,11064,2025-03-31,2025-03-31T23:45:00.000,2025-04-01T06:59:30.000,26040000,384,50,3,434,97,stages,0,1,,,,,,,4.0,48.0,92.0,13.0,50.0,44.0,12.0,266.0,218.0,6.0,70.0,120.0
2025-04-01,11,87.59542513863217,9782,2025-04-01,2025-04-01T23:15:00.000,2025-04-02T07:11:30.000,28560000,424,52,0,476,96,stages,0,1,,,,,,,2.0,97.0,85.0,22.0,52.0,45.0,19.0,236.0,226.0,7.0,91.0,112.0
2025-04-02,201,93.0387004054817,11854,2025-04-02,2025-04-02T23:30:30.000,2025-04-03T04:58:30.000,19680000,295,33,0,328,96,stages,0,1,,,,,,,5.0,70.0,86.0,12.0,33.0,46.0,13.0,169.0,228.0,5.0,56.0,109.0
2025-04-03,30,88.13591931730024,6565,2025-04-03,2025-04-04T00:37:30.000,2025-04-04T07:08:30.000,23460000,358,33,0,391,99,stages,0,1,,,,,,,4.0,80.0,84.0,10.0,33.0,45.0,10.0,187.0,220.0,4.0,91.0,102.0
2025-04-04,42,84.79211972072794,10583,2025-04-04,2025-04-04T23:40:00.000,2025-04-05T09:25:30.000,35100000,530,55,0,585,93,stages,0,1,,,,,,,2.0,98.0,84.0,19.0,55.0,43.0,21.0,266.0,217.0,5.0,166.0,101.0
2025-04-05,6,78.62404190086868,3488,2025-04-05,2025-04-06T01:22:00.000,2025-04-06T12:12:30.000,39000000,603,47,0,650,98,stages,0,1,,,,,,,5.0,102.0,85.0,23.0,47.0,44.0,28.0,282.0,222.0,10.0,219.0,107.0
2025-04-06,4,72.523889942581,1864,2025-04-06,2025-04-06T23:14:30.000,2025-04-07T05:13:00.000,21480000,309,49,0,358,97,stages,0,1,,,,,,,3.0,68.0,87.0,16.0,49.0,45.0,21.0,138.0,227.0,5.0,103.0,118.0
2025-04-08,24,85.56026683024076,8922,2025-04-08,2025-04-08T23:57:30.000,2025-04-09T07:09:30.000,25920000,383,49,0,432,97,stages,0,1,,,,,,,3.0,92.0,85.0,13.0,49.0,45.0,13.0,175.0,220.0,6.0,116.0,116.0
2025-04-09,1,79.53461902447758,7204,2025-04-09,2025-04-09T23:33:00.000,2025-04-10T07:28:30.000,28500000,410,65,0,475,93,stages,0,1,,,,,,,3.0,74.0,86.0,16.0,65.0,45.0,17.0,262.0,216.0,5.0,74.0,116.0
2025-04-10,139,85.13066570412005,10419,2025-04-10,2025-04-10T22:55:00.000,2025-04-11T07:12:30.000,29820000,452,45,0,497,99,stages,0,1,,,,,,,3.0,107.0,85.0,19.0,45.0,47.0,20.0,223.0,219.0,7.0,122.0,113.0
2025-04-11,37,79.4403736566834,7844,2025-04-11,2025-04-11T23:42:30.000,2025-04-12T10:24:00.000,38460000,575,66,0,641,98,stages,0,1,,,,,,,5.0,149.0,86.0,29.0,66.0,47.0,32.0,236.0,220.0,10.0,190.0,114.0
2025-04-12,9,67.72693194925029,1747,2025-04-12,2025-04-13T00:13:00.000,2025-04-13T08:49:30.000,30960000,476,40,0,516,97,stages,0,1,,,,,,,5.0,46.0,90.0,18.0,40.0,48.0,22.0,288.0,221.0,8.0,142.0,119.0
2025-04-13,1,76.10654138426781,8433,2025-04-13,2025-04-13T23:42:00.000,2025-04-14T07:03:00.000,26460000,397,44,0,441,99,stages,0,1,,,,,,,4.0,82.0,88.0,12.0,44.0,47.0,14.0,209.0,225.0,4.0,106.0,120.0
2025-04-14,18,77.0085427530725,9583,2025-04-14,2025-04-15T01:13:00.000,2025-04-15T06:42:00.000,19740000,284,45,1,329,94,stages,0,1,,,,,,,5.0,61.0,87.0,12.0,45.0,47.0,15.0,145.0,224.0,5.0,78.0,119.0
2025-04-15,3,81.60101218756455,6210,2025-04-15,2025-04-16T00:57:00.000,2025-04-16T07:16:30.000,22740000,335,44,0,379,98,stages,0,1,,,,,,,3.0,78.0,86.0,13.0,44.0,47.0,15.0,188.0,220.0,4.0,69.0,117.0
2025-04-16,157,84.18227587978423,10471,2025-04-16,2025-04-16T23:30:00.000,2025-04-17T05:40:00.000,22200000,329,41,9,370,97,stages,0,1,,,,,,,2.0,63.0,86.0,11.0,41.0,47.0,11.0,206.0,218.0,3.0,60.0,115.0
2025-04-17,0,74.631441617743,3789,2025-04-17,2025-04-17T23:50:30.000,2025-04-18T07:08:00.000,26220000,402,35,7,437,98,stages,0,1,,,,,,,3.0,74.0,84.0,12.0,35.0,47.0,18.0,216.0,217.0,4.0,112.0,112.0
2025-04-18,81,81.39993786568633,11093,2025-04-18,2025-04-18T23:50:00.000,2025-04-19T08:55:00.000,32700000,476,69,0,545,97,stages,0,1,,,,,,,4.0,110.0,84.0,16.0,69.0,46.0,16.0,254.0,217.0,7.0,112.0,112.0
2025-04-19,41,78.35237502269956,3017,2025-04-19,2025-04-20T02:27:30.000,2025-04-20T08:44:00.000,22560000,353,23,0,376,99,stages,0,1,,,,,,,3.0,97.0,85.0,13.0,23.0,47.0,17.0,160.0,219.0,5.0,96.0,112.0
2025-04-21,66,85.23611396303902,12931,2025-04-21,2025-04-22T01:28:00.000,2025-04-22T07:37:00.000,22140000,329,40,0,369,98,stages,0,1,,,,,,,5.0,71.0,86.0,15.0,40.0,46.0,17.0,184.0,217.0,6.0,74.0,111.0
2025-04-23,5,78.37956506017873,6526,2025-04-23,2025-04-23T20:21:00.000,2025-04-24T07:36:30.000,40500000,605,70,1,675,98,stages,0,1,,,,,,,5.0,119.0,85.0,24.0,70.0,46.0,26.0,349.0,215.0,8.0,137.0,110.0
2025-04-24,246,82.23564496014748,8254,2025-04-24,2025-04-25T03:13:30.000,2025-04-25T07:13:30.000,14400000,212,28,0,240,97,stages,0,1,,,,,,,2.0,64.0,86.0,10.0,28.0,47.0,11.0,96.0,220.0,3.0,52.0,111.0
2025-04-25,89,87.02736842105263,9029,2025-04-25,2025-04-25T22:10:00.000,2025-04-26T10:00:00.000,42600000,657,53,0,710,98,stages,0,1,,,,,,,6.0,151.0,86.0,25.0,53.0,46.0,26.0,322.0,216.0,8.0,184.0,109.0
2025-04-26,4,70.43290373487638,1944,2025-04-26,2025-04-27T01:16:00.000,2025-04-27T07:58:00.000,24120000,367,35,0,402,97,stages,0,1,,,,,,,5.0,89.0,151.0,11.0,35.0,53.0,15.0,185.0,322.0,7.0,93.0,184.0
2025-04-27,76,72.17035225558041,6292,2025-04-27,2025-04-28T00:06:00.000,2025-04-28T07:03:30.000,25020000,371,46,0,417,99,stages,0,1,,,,,,,5.0,98.0,120.0,18.0,46.0,44.0,17.0,189.0,254.0,5.0,84.0,139.0
2025-04-28,60,85.36961445344024,7930,2025-04-28,2025-04-29T02:20:00.000,2025-04-29T07:09:00.000,17340000,262,27,0,289,99,stages,0,1,,,,,,,2.0,73.0,113.0,12.0,27.0,45.0,14.0,134.0,232.0,1.0,55.0,120.0
2025-04-29,47,85.36064310663653,9320,2025-04-29,2025-04-29T23:53:30.000,2025-04-30T07:24:00.000,27000000,419,31,0,450,97,stages,0,1,,,,,,,4.0,67.0,103.0,14.0,31.0,40.0,16.0,238.0,208.0,7.0,114.0,104.0
2025-04-30,49,83.69571787122881,7826,2025-04-30,2025-04-30T22:56:00.000,2025-05-01T06:04:30.000,25680000,378,50,1,428,97,stages,0,1,,,,,,,5.0,70.0,96.0,8.0,50.0,38.0,12.0,214.0,214.0,4.0,94.0,106.0
2025-05-02,60,82.18983250827199,7722,2025-05-02,2025-05-02T22:50:30.000,2025-05-03T04:27:30.000,20220000,308,29,0,337,97,stages,0,1,,,,,,,3.0,70.0,91.0,10.0,29.0,40.0,12.0,168.0,214.0,4.0,70.0,104.0
2025-05-03,1,79.60823711539702,5128,2025-05-03,2025-05-04T00:01:00.000,2025-05-04T11:30:30.000,41340000,639,50,0,689,99,stages,0,1,,,,,,,5.0,118.0,88.0,19.0,50.0,39.0,20.0,318.0,207.0,9.0,203.0,99.0
2025-05-04,25,74.44800917485149,945,2025-05-04,2025-05-05T01:39:30.000,2025-05-05T07:24:00.000,20640000,322,22,3,344,99,stages,0,1,,,,,,,4.0,64.0,92.0,17.0,22.0,40.0,17.0,193.0,221.0,4.0,65.0,112.0
2025-05-05,54,89.38740414256962,16654,2025-05-05,2025-05-06T00:16:00.000,2025-05-06T07:14:30.000,25080000,382,36,1,418,99,stages,0,1,,,,,,,3.0,96.0,89.0,12.0,36.0,38.0,12.0,180.0,218.0,6.0,106.0,107.0
2025-05-06,7,81.75550700892045,14142,2025-05-06,2025-05-07T02:10:00.000,2025-05-07T08:24:30.000,22440000,326,48,0,374,95,stages,0,1,,,,,,,4.0,78.0,90.0,12.0,48.0,38.0,14.0,176.0,214.0,5.0,72.0,107.0
2025-05-07,0,74.55247024882799,2446,2025-05-07,2025-05-07T21:32:00.000,2025-05-08T06:21:30.000,31740000,487,42,0,529,96,stages,0,1,,,,,,,5.0,80.0,89.0,17.0,42.0,39.0,21.0,272.0,211.0,4.0,135.0,104.0
2025-05-08,143,83.29987911211708,14154,2025-05-08,2025-05-08T23:31:30.000,2025-05-09T07:58:00.000,30360000,443,63,4,506,95,stages,0,1,,,,,,,4.0,91.0,88.0,20.0,63.0,39.0,21.0,274.0,216.0,4.0,78.0,106.0
2025-05-09,20,79.85166968677194,9091,2025-05-09,2025-05-10T03:44:00.000,2025-05-10T08:24:30.000,16800000,254,26,0,280,98,stages,0,1,,,,,,,2.0,50.0,88.0,11.0,26.0,41.0,11.0,131.0,220.0,4.0,73.0,104.0
2025-05-10,60,79.05574876986887,7202,2025-05-10,2025-05-11T00:36:00.000,2025-05-11T07:47:00.000,25860000,406,25,0,431,98,stages,0,1,,,,,,,4.0,54.0,85.0,15.0,25.0,40.0,17.0,224.0,214.0,4.0,128.0,102.0
2025-05-11,7,84.38276931025575,4381,2025-05-11,2025-05-11T23:57:30.000,2025-05-12T07:08:30.000,25860000,386,45,0,431,96,stages,0,1,,,,,,,5.0,61.0,83.0,15.0,45.0,39.0,15.0,231.0,215.0,5.0,94.0,104.0
2025-05-13,79,84.99037071458075,11775,2025-05-13,2025-05-14T00:50:30.000,2025-05-14T07:08:30.000,22680000,349,29,0,378,99,stages,0,1,,,,,,,4.0,66.0,82.0,15.0,29.0,39.0,19.0,179.0,216.0,4.0,104.0,103.0
2025-05-14,6,84.9837504813246,8379,2025-05-14,2025-05-14T23:14:00.000,2025-05-15T06:04:00.000,24600000,390,20,0,410,99,stages,0,1,,,,,,,4.0,105.0,81.0,14.0,20.0,39.0,13.0,152.0,213.0,9.0,133.0,103.0
2025-05-15,164,88.53493494519005,6843,2025-05-15,2025-05-15T23:49:00.000,2025-05-16T06:52:00.000,25380000,380,43,0,423,97,stages,0,1,,,,,,,4.0,60.0,82.0,8.0,43.0,38.0,12.0,226.0,210.0,5.0,94.0,105.0
2025-05-16,9,88.25969232357647,7694,2025-05-16,2025-05-16T23:59:00.000,2025-05-17T07:21:30.000,26520000,420,22,0,442,99,stages,0,1,,,,,,,5.0,102.0,81.0,13.0,22.0,38.0,13.0,202.0,211.0,5.0,116.0,104.0
2025-05-17,4,79.07266395821242,4440,2025-05-17,2025-05-17T23:41:30.000,2025-05-18T10:42:30.000,39660000,615,46,0,661,99,stages,0,1,,,,,,,4.0,115.0,82.0,21.0,46.0,37.0,23.0,313.0,210.0,6.0,187.0,105.0
2025-05-18,1,80.01743852138046,3290,2025-05-18,2025-05-19T00:32:30.000,2025-05-19T06:58:00.000,23100000,355,30,0,385,100,stages,0,1,,,,,,,3.0,61.0,84.0,12.0,30.0,38.0,13.0,201.0,215.0,3.0,93.0,109.0
2025-05-19,81,89.75118440933187,10036,2025-05-19,2025-05-19T23:42:00.000,2025-05-20T07:17:00.000,27300000,407,48,1,455,98,stages,0,1,,,,,,,5.0,76.0,83.0,13.0,48.0,37.0,15.0,247.0,215.0,4.0,84.0,108.0
2025-05-20,36,88.163760267406,6293,2025-05-20,2025-05-21T00:30:00.000,2025-05-21T07:19:00.000,24540000,365,44,0,409,92,stages,0,1,,,,,,,1.0,87.0,82.0,17.0,44.0,38.0,15.0,181.0,216.0,6.0,97.0,107.0
2025-05-21,5,86.73094054944772,9139,2025-05-21,2025-05-22T00:31:00.000,2025-05-22T07:09:30.000,23880000,367,31,0,398,99,stages,0,1,,,,,,,2.0,59.0,83.0,15.0,31.0,38.0,16.0,206.0,215.0,5.0,102.0,107.0
2025-05-22,19,82.79749902305588,10720,2025-05-22,2025-05-22T23:53:30.000,2025-05-23T07:23:30.000,27000000,407,43,6,450,97,stages,0,1,,,,,,,5.0,80.0,82.0,16.0,43.0,38.0,14.0,210.0,214.0,7.0,117.0,106.0
2025-05-23,21,83.72476230061828,4751,2025-05-23,2025-05-23T23:14:00.000,2025-05-24T09:34:30.000,37200000,572,48,0,620,96,stages,0,1,,,,,,,6.0,122.0,82.0,22.0,48.0,38.0,24.0,275.0,214.0,7.0,175.0,107.0
2025-05-24,16,81.07932755450486,3534,2025-05-24,2025-05-25T02:01:00.000,2025-05-25T09:19:30.000,26280000,408,30,0,438,98,stages,0,1,,,,,,,4.0,62.0,83.0,17.0,30.0,38.0,18.0,234.0,216.0,3.0,112.0,109.0
2025-05-26,2,74.57317738791423,2885,2025-05-26,2025-05-26T23:51:00.000,2025-05-27T07:08:30.000,26220000,409,28,4,437,97,stages,0,1,,,,,,,5.0,71.0,0.0,15.0,28.0,0.0,16.0,236.0,0.0,6.0,102.0,0.0
2025-05-27,38,88.53857027463651,8105,2025-05-27,2025-05-28T00:35:30.000,2025-05-28T07:17:30.000,24120000,370,32,0,402,98,stages,0,1,,,,,,,3.0,81.0,71.0,15.0,32.0,28.0,14.0,213.0,236.0,3.0,76.0,102.0
2025-05-28,105,91.49123842265952,11396,2025-05-28,2025-05-28T23:48:30.000,2025-05-29T06:31:30.000,24180000,346,57,3,403,97,stages,0,1,,,,,,,5.0,71.0,76.0,12.0,57.0,30.0,16.0,218.0,225.0,4.0,57.0,89.0
2025-05-29,24,83.22505961079916,6152,2025-05-29,2025-05-30T00:43:00.000,2025-05-30T07:18:30.000,23700000,368,27,0,395,98,stages,0,1,,,,,,,3.0,90.0,74.0,12.0,27.0,39.0,14.0,169.0,222.0,3.0,109.0,78.0
2025-05-30,4,87.74109092777678,12185,2025-05-30,2025-05-30T23:35:30.000,2025-05-31T09:30:30.000,35700000,553,42,0,595,97,stages,0,1,,,,,,,3.0,108.0,78.0,18.0,42.0,36.0,22.0,308.0,209.0,6.0,137.0,86.0
2025-05-31,8,78.51081195675218,3078,2025-05-31,2025-06-01T02:00:00.000,2025-06-01T11:32:00.000,34320000,507,65,0,572,99,stages,0,1,,,,,,,4.0,83.0,84.0,17.0,65.0,37.0,23.0,272.0,229.0,7.0,152.0,96.0
2025-06-01,1,69.61441774491682,2148,2025-06-01,2025-06-02T01:50:30.000,2025-06-02T07:13:30.000,19380000,276,47,0,323,97,stages,0,1,,,,,,,4.0,58.0,84.0,14.0,47.0,42.0,16.0,162.0,236.0,2.0,56.0,106.0
2025-06-02,36,80.8867904895687,7893,2025-06-02,2025-06-03T00:03:00.000,2025-06-03T07:26:00.000,26580000,400,43,0,443,96,stages,0,1,,,,,,,4.0,97.0,80.0,16.0,43.0,43.0,20.0,202.0,225.0,5.0,101.0,98.0
2025-06-03,6,81.50878656724201,7896,2025-06-03,2025-06-04T00:22:00.000,2025-06-04T07:22:00.000,25200000,378,42,0,420,98,stages,0,1,,,,,,,5.0,75.0,82.0,19.0,42.0,43.0,21.0,217.0,223.0,4.0,86.0,99.0
2025-06-04,3,80.76140536256769,12047,2025-06-04,2025-06-05T00:05:00.000,2025-06-05T06:00:30.000,21300000,320,35,0,355,96,stages,0,1,,,,,,,4.0,53.0,82.0,13.0,35.0,43.0,18.0,192.0,222.0,6.0,75.0,97.0
2025-06-05,132,82.51948154173117,5099,2025-06-05,2025-06-06T00:20:00.000,2025-06-06T06:58:30.000,23880000,360,38,0,398,99,stages,0,1,,,,,,,3.0,82.0,79.0,9.0,38.0,42.0,11.0,167.0,219.0,3.0,111.0,95.0
2025-06-06,70,82.18923678553855,7131,2025-06-06,2025-06-06T22:57:00.000,2025-06-07T09:46:30.000,38940000,598,51,0,649,98,stages,0,1,,,,,,,8.0,156.0,79.0,24.0,51.0,41.0,29.0,266.0,214.0,11.0,176.0,97.0
2025-06-07,250,75.80229971320593,2828,2025-06-07,2025-06-07T23:29:30.000,2025-06-08T08:16:00.000,31560000,464,62,3,526,95,stages,0,1,,,,,,,3.0,106.0,85.0,20.0,62.0,42.0,24.0,257.0,219.0,5.0,101.0,103.0
2025-06-08,70,91.33506755707408,6368,2025-06-08,2025-06-09T00:42:00.000,2025-06-09T07:04:30.000,22920000,349,33,0,382,99,stages,0,1,,,,,,,3.0,89.0,87.0,15.0,33.0,44.0,15.0,176.0,221.0,3.0,84.0,103.0
2025-06-09,52,86.89438816281287,8444,2025-06-09,2025-06-09T23:54:00.000,2025-06-10T07:13:30.000,26340000,393,46,4,439,95,stages,0,1,,,,,,,4.0,51.0,87.0,19.0,46.0,43.0,18.0,263.0,218.0,7.0,79.0,102.0
2025-06-10,36,86.4936288376197,6630,2025-06-10,2025-06-11T00:16:30.000,2025-06-11T07:08:30.000,24720000,374,38,9,412,96,stages,0,1,,,,,,,2.0,86.0,85.0,11.0,38.0,43.0,13.0,204.0,221.0,4.0,84.0,100.0
2025-06-11,50,89.26154750645433,8712,2025-06-11,2025-06-12T00:00:30.000,2025-06-12T07:04:00.000,25380000,393,30,1,423,98,stages,0,1,,,,,,,4.0,73.0,85.0,13.0,30.0,43.0,16.0,224.0,220.0,4.0,96.0,99.0
2025-06-12,29,86.03845758618918,6670,2025-06-12,2025-06-12T23:43:00.000,2025-06-13T07:19:00.000,27360000,403,53,1,456,95,stages,0,1,,,,,,,3.0,120.0,84.0,18.0,53.0,42.0,21.0,197.0,220.0,3.0,86.0,99.0
2025-06-13,38,90.62262017933764,8748,2025-06-13,2025-06-14T00:11:00.000,2025-06-14T06:46:30.000,23700000,372,23,0,395,99,stages,0,1,,,,,,,3.0,46.0,86.0,12.0,23.0,43.0,13.0,222.0,219.0,4.0,104.0,98.0
2025-06-14,3,78.47056562187652,6129,2025-06-14,2025-06-15T03:20:30.000,2025-06-15T10:43:30.000,26580000,400,43,0,443,96,stages,0,1,,,,,,,5.0,87.0,84.0,16.0,43.0,42.0,20.0,241.0,219.0,4.0,72.0,99.0
2025-06-15,4,71.7674506387921,928,2025-06-15,2025-06-16T00:50:30.000,2025-06-16T06:59:00.000,22080000,344,24,0,368,98,stages,0,1,,,,,,,3.0,58.0,84.0,15.0,24.0,42.0,17.0,193.0,220.0,4.0,93.0,97.0
2025-06-16,444,98.6982642136992,11892,2025-06-16,2025-06-17T00:49:00.000,2025-06-17T06:59:00.000,22200000,337,33,0,370,96,stages,0,1,,,,,,,3.0,82.0,83.0,8.0,33.0,41.0,11.0,188.0,219.0,4.0,67.0,97.0
2025-06-17,98,94.4608865878474,15791,2025-06-17,2025-06-17T23:36:30.000,2025-06-18T06:58:30.000,26520000,402,40,0,442,95,stages,0,1,,,,,,,2.0,115.0,83.0,14.0,40.0,41.0,16.0,163.0,218.0,8.0,124.0,96.0
2025-06-18,115,93.24169976377748,11556,2025-06-18,2025-06-18T22:02:00.000,2025-06-19T06:59:00.000,32220000,479,58,0,537,96,stages,0,1,,,,,,,5.0,124.0,84.0,19.0,58.0,41.0,17.0,226.0,215.0,6.0,129.0,97.0
2025-06-19,55,89.85858015502285,10685,2025-06-19,2025-06-20T00:42:30.000,2025-06-20T07:10:00.000,23220000,369,18,0,387,98,stages,0,1,,,,,,,3.0,80.0,86.0,15.0,18.0,41.0,16.0,188.0,216.0,4.0,101.0,98.0
2025-06-20,71,88.51335721596725,9601,2025-06-20,2025-06-21T00:05:00.000,2025-06-21T07:42:00.000,27420000,415,42,0,457,95,stages,0,1,,,,,,,3.0,131.0,86.0,19.0,42.0,40.0,18.0,147.0,215.0,6.0,137.0,98.0
2025-06-21,13,88.08000927643785,6833,2025-06-21,2025-06-22T00:21:00.000,2025-06-22T08:42:30.000,30060000,471,30,0,501,98,stages,0,1,,,,,,,3.0,105.0,87.0,20.0,30.0,40.0,22.0,261.0,212.0,9.0,105.0,100.0
2025-06-22,534,90.87848421718836,8783,2025-06-22,2025-06-23T01:43:30.000,2025-06-23T07:20:00.000,20160000,305,31,0,336,98,stages,0,1,,,,,,,3.0,53.0,88.0,10.0,31.0,40.0,12.0,170.0,214.0,3.0,82.0,100.0
2025-06-23,0,92.20170527505265,10722,2025-06-23,2025-06-24T01:10:30.000,2025-06-24T07:22:30.000,22320000,328,44,1,372,97,stages,0,1,,,,,,,3.0,75.0,87.0,12.0,44.0,40.0,13.0,150.0,212.0,2.0,103.0,99.0
2025-06-24,18,83.30505193208278,7293,2025-06-24,2025-06-25T01:27:00.000,2025-06-25T07:39:30.000,22320000,355,17,0,372,100,stages,0,1,,,,,,,4.0,101.0,86.0,7.0,17.0,40.0,11.0,175.0,210.0,3.0,79.0,99.0
2025-06-26,112,91.68174850544172,11772,2025-06-26,2025-06-27T00:57:00.000,2025-06-27T07:55:30.000,25080000,373,45,1,418,99,stages,0,1,,,,,,,3.0,110.0,101.0,15.0,45.0,17.0,15.0,181.0,175.0,8.0,82.0,79.0
2025-06-27,18,80.28801948138832,7560,2025-06-27,2025-06-28T00:25:00.000,2025-06-28T13:08:00.000,45780000,710,53,0,763,98,stages,0,1,,,,,,,2.0,131.0,106.0,26.0,53.0,31.0,30.0,359.0,178.0,14.0,220.0,81.0
2025-06-28,5,70.27994585409407,2799,2025-06-28,2025-06-29T01:48:30.000,2025-06-29T09:58:30.000,29400000,440,50,0,490,97,stages,0,1,,,,,,,4.0,71.0,114.0,20.0,50.0,38.0,23.0,265.0,238.0,6.0,104.0,127.0
