timestamp,beats per minute
2025-01-04T17:51:46Z,70.0
2025-01-04T17:52:01Z,70.0
2025-01-04T17:52:16Z,70.0
2025-01-04T17:52:21Z,68.0
2025-01-04T17:52:26Z,68.0
2025-01-04T17:52:31Z,69.0
2025-01-04T17:52:36Z,70.0
2025-01-04T17:52:51Z,71.0
2025-01-04T17:53:06Z,71.0
2025-01-04T17:53:11Z,72.0
2025-01-04T17:53:16Z,72.0
2025-01-04T17:53:21Z,71.0
2025-01-04T17:53:26Z,70.0
2025-01-04T17:53:41Z,71.0
2025-01-04T17:53:51Z,70.0
2025-01-04T17:54:06Z,71.0
2025-01-04T17:54:11Z,72.0
2025-01-04T17:54:21Z,71.0
2025-01-04T17:54:36Z,71.0
2025-01-04T17:54:41Z,68.0
2025-01-04T17:54:46Z,66.0
2025-01-04T17:54:51Z,65.0
2025-01-04T17:55:01Z,66.0
2025-01-04T17:55:16Z,67.0
2025-01-04T17:55:26Z,66.0
2025-01-04T17:55:41Z,66.0
2025-01-04T17:55:46Z,67.0
2025-01-04T17:58:11Z,70.0
2025-01-04T17:58:15Z,70.0
2025-01-04T17:58:25Z,89.0
2025-01-04T17:58:30Z,86.0
2025-01-04T17:58:35Z,84.0
2025-01-04T17:58:40Z,80.0
2025-01-04T17:58:45Z,78.0
2025-01-04T17:58:50Z,76.0
2025-01-04T17:58:55Z,74.0
2025-01-04T17:59:00Z,73.0
2025-01-04T17:59:05Z,72.0
2025-01-04T17:59:10Z,71.0
2025-01-04T17:59:25Z,71.0
2025-01-04T17:59:30Z,72.0
2025-01-04T17:59:35Z,73.0
2025-01-04T17:59:45Z,74.0
2025-01-04T17:59:50Z,73.0
2025-01-04T18:00:00Z,74.0
2025-01-04T18:00:05Z,75.0
2025-01-04T18:00:15Z,76.0
2025-01-04T18:00:25Z,75.0
2025-01-04T18:00:30Z,74.0
2025-01-04T18:00:35Z,72.0
2025-01-04T18:00:40Z,71.0
2025-01-04T18:00:45Z,65.0
2025-01-04T18:00:50Z,64.0
2025-01-04T18:00:55Z,64.0
2025-01-04T18:01:10Z,64.0
2025-01-04T18:01:20Z,64.0
2025-01-04T18:01:35Z,64.0
2025-01-04T18:01:50Z,64.0
2025-01-04T18:01:55Z,65.0
2025-01-04T18:02:00Z,66.0
2025-01-04T18:02:05Z,68.0
2025-01-04T18:02:15Z,69.0
2025-01-04T18:02:20Z,68.0
2025-01-04T18:02:25Z,67.0
2025-01-04T18:02:30Z,66.0
2025-01-04T18:02:45Z,66.0
2025-01-04T18:02:50Z,67.0
2025-01-04T18:03:11Z,67.0
2025-01-04T18:03:16Z,68.0
2025-01-04T18:03:26Z,69.0
2025-01-04T18:49:37Z,70.0
2025-01-04T18:49:52Z,70.0
2025-01-04T18:50:02Z,70.0
2025-01-04T18:50:07Z,68.0
2025-01-04T18:50:12Z,70.0
2025-01-04T18:50:22Z,92.0
2025-01-04T18:50:27Z,94.0
2025-01-04T18:50:37Z,93.0
2025-01-04T18:50:42Z,91.0
2025-01-04T18:50:47Z,92.0
2025-01-04T18:50:52Z,93.0
2025-01-04T18:51:07Z,95.0
2025-01-04T18:51:12Z,96.0
2025-01-04T18:51:17Z,97.0
2025-01-04T18:51:22Z,102.0
2025-01-04T18:51:27Z,104.0
2025-01-04T18:51:32Z,103.0
2025-01-04T18:51:37Z,106.0
2025-01-04T18:51:42Z,107.0
2025-01-04T18:51:47Z,107.0
2025-01-04T18:51:52Z,105.0
2025-01-04T18:52:07Z,103.0
2025-01-04T18:52:12Z,98.0
2025-01-04T18:52:17Z,94.0
2025-01-04T18:52:22Z,98.0
2025-01-04T18:52:27Z,101.0
2025-01-04T18:52:32Z,103.0
2025-01-04T18:52:37Z,106.0
2025-01-04T18:52:42Z,107.0
2025-01-04T18:52:47Z,106.0
2025-01-04T18:52:52Z,108.0
2025-01-04T18:52:57Z,105.0
2025-01-04T18:53:07Z,105.0
2025-01-04T18:53:17Z,106.0
2025-01-04T18:53:22Z,107.0
2025-01-04T18:53:27Z,106.0
2025-01-04T18:53:37Z,104.0
2025-01-04T18:53:47Z,105.0
2025-01-04T18:53:52Z,104.0
2025-01-04T18:53:57Z,101.0
2025-01-04T18:54:02Z,100.0
2025-01-04T18:54:12Z,101.0
2025-01-04T18:54:17Z,99.0
2025-01-04T18:54:22Z,96.0
2025-01-04T18:54:27Z,100.0
2025-01-04T18:54:32Z,96.0
2025-01-04T18:54:37Z,93.0
2025-01-04T18:54:42Z,92.0
2025-01-04T18:54:52Z,93.0
2025-01-04T18:54:57Z,94.0
2025-01-04T18:55:03Z,95.0
2025-01-04T18:55:08Z,93.0
2025-01-04T18:55:13Z,94.0
2025-01-04T18:55:18Z,95.0
2025-01-04T18:55:33Z,95.0
2025-01-04T18:55:38Z,94.0
2025-01-04T18:55:43Z,92.0
2025-01-04T18:55:48Z,91.0
2025-01-04T18:55:53Z,92.0
2025-01-04T18:55:58Z,93.0
2025-01-04T18:56:08Z,95.0
2025-01-04T18:56:13Z,93.0
2025-01-04T18:56:28Z,93.0
2025-01-04T18:56:43Z,93.0
2025-01-04T18:56:53Z,94.0
2025-01-04T18:56:58Z,93.0
2025-01-04T18:57:03Z,94.0
2025-01-04T18:57:08Z,95.0
2025-01-04T18:57:18Z,95.0
2025-01-04T18:57:23Z,96.0
2025-01-04T18:57:28Z,97.0
2025-01-04T18:57:32Z,97.0
2025-01-04T18:57:44Z,99.0
2025-01-04T18:57:49Z,100.0
2025-01-04T18:57:54Z,101.0
2025-01-04T18:57:59Z,103.0
2025-01-04T18:58:04Z,104.0
2025-01-04T18:58:09Z,107.0
2025-01-04T18:58:14Z,110.0
2025-01-04T18:58:19Z,111.0
2025-01-04T18:58:34Z,111.0
2025-01-04T18:58:39Z,115.0
2025-01-04T18:58:44Z,114.0
2025-01-04T18:58:49Z,113.0
2025-01-04T18:58:54Z,114.0
2025-01-04T18:59:04Z,112.0
2025-01-04T18:59:09Z,110.0
2025-01-04T18:59:14Z,107.0
2025-01-04T18:59:19Z,104.0
2025-01-04T18:59:24Z,102.0
2025-01-04T18:59:29Z,101.0
2025-01-04T18:59:34Z,100.0
2025-01-04T18:59:39Z,99.0
2025-01-04T18:59:44Z,94.0
2025-01-04T18:59:49Z,89.0
2025-01-04T18:59:54Z,90.0
2025-01-04T18:59:59Z,88.0
2025-01-04T19:00:04Z,84.0
2025-01-04T19:00:09Z,81.0
2025-01-04T19:00:14Z,78.0
2025-01-04T19:00:19Z,77.0
2025-01-04T19:00:34Z,77.0
2025-01-04T19:00:39Z,80.0
2025-01-04T19:00:44Z,84.0
2025-01-04T19:00:49Z,86.0
2025-01-04T19:00:59Z,88.0
2025-01-04T19:01:04Z,92.0
2025-01-04T19:01:09Z,93.0
2025-01-04T19:01:24Z,93.0
2025-01-04T19:01:29Z,93.0
2025-01-04T19:01:44Z,91.0
2025-01-04T19:01:49Z,90.0
2025-01-04T19:01:54Z,89.0
2025-01-04T19:01:59Z,90.0
2025-01-04T19:02:04Z,93.0
2025-01-04T19:02:09Z,95.0
2025-01-04T19:02:24Z,95.0
2025-01-04T19:02:29Z,92.0
2025-01-04T19:02:34Z,89.0
2025-01-04T19:02:39Z,90.0
2025-01-04T19:02:54Z,91.0
2025-01-04T19:02:59Z,92.0
2025-01-04T19:03:04Z,94.0
2025-01-04T19:03:09Z,95.0
2025-01-04T19:03:19Z,96.0
2025-01-04T19:03:34Z,97.0
2025-01-04T19:03:39Z,98.0
2025-01-04T19:03:44Z,99.0
2025-01-04T19:03:54Z,98.0
2025-01-04T19:03:59Z,99.0
2025-01-04T19:04:09Z,100.0
2025-01-04T19:04:14Z,102.0
2025-01-04T19:04:19Z,103.0
2025-01-04T19:04:24Z,105.0
2025-01-04T19:04:29Z,106.0
2025-01-04T19:04:34Z,104.0
2025-01-04T19:04:44Z,105.0
2025-01-04T19:04:59Z,107.0
2025-01-04T19:05:04Z,109.0
2025-01-04T19:05:14Z,111.0
2025-01-04T19:05:19Z,112.0
2025-01-04T19:05:24Z,108.0
2025-01-04T19:05:29Z,105.0
2025-01-04T19:05:34Z,106.0
2025-01-04T19:05:39Z,105.0
2025-01-04T19:05:44Z,103.0
2025-01-04T19:05:59Z,107.0
2025-01-04T19:06:04Z,105.0
2025-01-04T19:06:09Z,97.0
2025-01-04T19:06:14Z,96.0
2025-01-04T19:06:29Z,96.0
2025-01-04T19:06:34Z,94.0
2025-01-04T19:06:39Z,93.0
2025-01-04T19:06:44Z,91.0
2025-01-04T19:06:54Z,90.0
2025-01-04T19:07:09Z,90.0
2025-01-04T19:07:24Z,91.0
2025-01-04T19:07:34Z,90.0
2025-01-04T19:07:39Z,87.0
2025-01-04T19:07:44Z,84.0
2025-01-04T19:07:49Z,83.0
2025-01-04T19:07:54Z,86.0
2025-01-04T19:07:59Z,88.0
2025-01-04T19:08:04Z,90.0
2025-01-04T19:08:14Z,94.0
2025-01-04T19:08:19Z,95.0
2025-01-04T19:08:24Z,96.0
2025-01-04T19:08:29Z,98.0
2025-01-04T19:08:34Z,96.0
2025-01-04T19:08:39Z,95.0
2025-01-04T19:08:44Z,96.0
2025-01-04T19:08:54Z,95.0
2025-01-04T19:08:59Z,94.0
2025-01-04T19:09:04Z,95.0
2025-01-04T19:09:19Z,95.0
2025-01-04T19:09:29Z,96.0
2025-01-04T19:09:34Z,97.0
2025-01-04T19:09:39Z,96.0
2025-01-04T19:09:44Z,95.0
2025-01-04T19:09:49Z,97.0
2025-01-04T19:09:54Z,104.0
2025-01-04T19:09:59Z,104.0
2025-01-04T19:10:04Z,103.0
2025-01-04T19:10:14Z,105.0
2025-01-04T19:10:19Z,106.0
2025-01-04T19:10:24Z,107.0
2025-01-04T19:10:29Z,108.0
2025-01-04T19:10:39Z,107.0
2025-01-04T19:10:49Z,106.0
2025-01-04T19:10:59Z,105.0
2025-01-04T19:11:09Z,106.0
2025-01-04T19:11:14Z,107.0
2025-01-04T19:11:19Z,111.0
2025-01-04T19:11:24Z,112.0
2025-01-04T19:11:29Z,112.0
2025-01-04T19:11:34Z,109.0
2025-01-04T19:11:44Z,108.0
2025-01-04T19:11:49Z,107.0
2025-01-04T19:11:59Z,109.0
2025-01-04T19:12:04Z,108.0
2025-01-04T19:12:09Z,104.0
2025-01-04T19:12:14Z,103.0
2025-01-04T19:12:19Z,101.0
2025-01-04T19:12:24Z,99.0
2025-01-04T19:12:29Z,101.0
2025-01-04T19:12:35Z,101.0
2025-01-04T19:12:40Z,100.0
2025-01-04T19:12:45Z,98.0
2025-01-04T19:12:50Z,93.0
2025-01-04T19:12:55Z,88.0
2025-01-04T19:13:00Z,86.0
2025-01-04T19:13:05Z,89.0
2025-01-04T19:13:10Z,92.0
2025-01-04T19:13:15Z,98.0
2025-01-04T19:13:20Z,97.0
2025-01-04T19:13:30Z,98.0
2025-01-04T19:13:35Z,100.0
2025-01-04T19:13:40Z,103.0
2025-01-04T19:13:45Z,100.0
2025-01-04T19:13:50Z,99.0
2025-01-04T19:14:00Z,97.0
2025-01-04T19:14:05Z,98.0
2025-01-04T19:14:10Z,99.0
2025-01-04T19:14:15Z,98.0
2025-01-04T19:14:20Z,97.0
2025-01-04T19:14:35Z,98.0
2025-01-04T19:14:40Z,95.0
2025-01-04T19:14:45Z,92.0
2025-01-04T19:14:50Z,94.0
2025-01-04T19:14:55Z,96.0
2025-01-04T19:15:00Z,97.0
2025-01-04T19:15:15Z,99.0
2025-01-04T19:15:20Z,100.0
2025-01-04T19:15:25Z,98.0
2025-01-04T19:15:30Z,97.0
2025-01-04T19:15:40Z,96.0
2025-01-04T19:15:50Z,95.0
2025-01-04T19:15:55Z,94.0
2025-01-04T19:16:00Z,95.0
2025-01-04T19:16:05Z,94.0
2025-01-04T19:16:10Z,90.0
2025-01-04T19:16:15Z,89.0
2025-01-04T19:16:20Z,90.0
2025-01-04T19:16:30Z,91.0
2025-01-04T19:16:40Z,90.0
2025-01-04T19:16:45Z,88.0
2025-01-04T19:16:55Z,89.0
2025-01-04T19:17:05Z,90.0
2025-01-04T19:17:10Z,91.0
2025-01-04T19:17:15Z,92.0
2025-01-04T19:17:25Z,93.0
2025-01-04T19:17:40Z,95.0
2025-01-04T19:17:50Z,94.0
2025-01-04T19:17:55Z,93.0
2025-01-04T19:18:00Z,92.0
2025-01-04T19:18:15Z,92.0
2025-01-04T19:18:20Z,92.0
2025-01-04T19:18:30Z,93.0
2025-01-04T19:18:35Z,94.0
2025-01-04T19:18:40Z,94.0
2025-01-04T19:18:45Z,94.0
2025-01-04T19:18:55Z,95.0
2025-01-04T19:19:10Z,95.0
2025-01-04T19:19:15Z,97.0
2025-01-04T19:19:30Z,97.0
2025-01-04T19:19:45Z,96.0
2025-01-04T19:19:50Z,93.0
2025-01-04T19:19:55Z,91.0
2025-01-04T19:20:10Z,92.0
2025-01-04T19:20:15Z,93.0
2025-01-04T19:20:30Z,93.0
2025-01-04T19:20:45Z,93.0
2025-01-04T19:21:00Z,94.0
2025-01-04T19:21:15Z,94.0
2025-01-04T19:21:20Z,92.0
2025-01-04T19:21:30Z,91.0
2025-01-04T19:21:35Z,92.0
2025-01-04T19:21:40Z,103.0
2025-01-04T19:21:45Z,105.0
2025-01-04T19:22:00Z,104.0
2025-01-04T19:22:05Z,103.0
2025-01-04T19:22:10Z,102.0
2025-01-04T19:22:15Z,100.0
2025-01-04T19:22:20Z,98.0
2025-01-04T19:22:25Z,98.0
2025-01-04T19:22:30Z,99.0
2025-01-04T19:22:35Z,100.0
2025-01-04T19:22:40Z,98.0
2025-01-04T19:22:45Z,96.0
2025-01-04T19:22:50Z,98.0
2025-01-04T19:23:00Z,101.0
2025-01-04T19:23:05Z,104.0
2025-01-04T19:23:15Z,102.0
2025-01-04T19:23:25Z,104.0
2025-01-04T19:23:30Z,102.0
2025-01-04T19:23:35Z,99.0
2025-01-04T19:23:40Z,100.0
2025-01-04T19:23:45Z,98.0
2025-01-04T19:23:50Z,98.0
2025-01-04T19:23:55Z,99.0
2025-01-04T19:24:00Z,101.0
2025-01-04T19:24:05Z,102.0
2025-01-04T19:24:15Z,101.0
2025-01-04T19:24:20Z,99.0
2025-01-04T19:24:25Z,98.0
2025-01-04T19:24:30Z,97.0
2025-01-04T19:24:35Z,98.0
2025-01-04T19:24:40Z,98.0
2025-01-04T19:24:45Z,97.0
2025-01-04T19:24:50Z,98.0
2025-01-04T19:24:55Z,99.0
2025-01-04T19:25:00Z,102.0
2025-01-04T19:25:05Z,105.0
2025-01-04T19:25:10Z,105.0
2025-01-04T19:25:15Z,104.0
2025-01-04T19:25:30Z,105.0
2025-01-04T19:25:35Z,106.0
2025-01-04T19:25:40Z,109.0
2025-01-04T19:25:45Z,108.0
2025-01-04T19:25:50Z,103.0
2025-01-04T19:25:55Z,102.0
2025-01-04T19:26:00Z,100.0
2025-01-04T19:26:10Z,97.0
2025-01-04T19:26:15Z,98.0
2025-01-04T19:26:21Z,101.0
2025-01-04T19:26:26Z,102.0
2025-01-04T19:26:31Z,106.0
2025-01-04T19:26:36Z,107.0
2025-01-04T19:26:41Z,106.0
2025-01-04T19:26:46Z,105.0
2025-01-04T19:26:51Z,104.0
2025-01-04T19:27:06Z,104.0
2025-01-04T19:27:11Z,105.0
2025-01-04T19:27:16Z,104.0
2025-01-04T19:27:26Z,100.0
2025-01-04T19:27:31Z,97.0
2025-01-04T19:27:36Z,99.0
2025-01-04T19:27:41Z,100.0
2025-01-04T19:27:46Z,102.0
2025-01-04T19:27:56Z,103.0
2025-01-04T19:28:00Z,101.0
2025-01-04T19:28:01Z,100.0
2025-01-04T19:28:05Z,103.0
2025-01-04T19:28:15Z,101.0
2025-01-04T19:28:20Z,104.0
2025-01-04T19:28:25Z,103.0
2025-01-04T19:28:30Z,101.0
2025-01-04T19:28:35Z,103.0
2025-01-04T19:28:45Z,102.0
2025-01-04T19:28:50Z,101.0
2025-01-04T19:29:00Z,103.0
2025-01-04T19:29:05Z,102.0
2025-01-04T19:29:20Z,103.0
2025-01-04T19:29:25Z,99.0
2025-01-04T19:29:30Z,98.0
2025-01-04T19:29:35Z,99.0
2025-01-04T19:29:40Z,100.0
2025-01-04T19:29:50Z,99.0
2025-01-04T19:29:55Z,97.0
2025-01-04T19:30:00Z,98.0
2025-01-04T19:30:10Z,101.0
2025-01-04T19:30:15Z,103.0
2025-01-04T19:30:20Z,101.0
2025-01-04T19:30:25Z,101.0
2025-01-04T19:30:40Z,99.0
2025-01-04T19:30:45Z,98.0
2025-01-04T19:30:50Z,99.0
2025-01-04T19:30:55Z,102.0
2025-01-04T19:31:00Z,101.0
2025-01-04T19:31:10Z,100.0
2025-01-04T19:31:15Z,98.0
2025-01-04T19:31:25Z,98.0
2025-01-04T19:31:30Z,100.0
2025-01-04T19:31:40Z,98.0
2025-01-04T19:31:45Z,96.0
2025-01-04T19:31:50Z,97.0
2025-01-04T19:31:55Z,98.0
2025-01-04T19:32:10Z,99.0
2025-01-04T19:32:15Z,101.0
2025-01-04T19:32:20Z,102.0
2025-01-04T19:32:25Z,103.0
2025-01-04T19:32:30Z,102.0
2025-01-04T19:32:40Z,102.0
2025-01-04T19:32:45Z,103.0
2025-01-04T19:32:50Z,102.0
2025-01-04T19:32:55Z,101.0
2025-01-04T19:33:00Z,98.0
2025-01-04T19:33:05Z,95.0
2025-01-04T19:33:10Z,93.0
2025-01-04T19:33:15Z,90.0
2025-01-04T19:33:20Z,91.0
2025-01-04T19:33:35Z,91.0
2025-01-04T19:33:40Z,93.0
2025-01-04T19:33:45Z,95.0
2025-01-04T19:33:55Z,96.0
2025-01-04T19:34:00Z,99.0
2025-01-04T19:34:10Z,98.0
2025-01-04T19:34:15Z,97.0
2025-01-04T19:34:20Z,95.0
2025-01-04T19:34:25Z,93.0
2025-01-04T19:34:30Z,98.0
2025-01-04T19:34:35Z,101.0
2025-01-04T19:34:40Z,102.0
2025-01-04T19:34:45Z,99.0
2025-01-04T19:34:50Z,98.0
2025-01-04T19:34:55Z,99.0
2025-01-04T19:35:05Z,100.0
2025-01-04T19:35:10Z,99.0
2025-01-04T19:35:15Z,98.0
2025-01-04T19:35:25Z,98.0
2025-01-04T19:35:30Z,99.0
2025-01-04T19:35:35Z,100.0
2025-01-04T19:35:40Z,101.0
2025-01-04T19:35:45Z,100.0
2025-01-04T19:36:00Z,99.0
2025-01-04T19:36:10Z,100.0
2025-01-04T19:36:15Z,98.0
2025-01-04T19:36:25Z,100.0
2025-01-04T19:36:30Z,102.0
2025-01-04T19:36:35Z,104.0
2025-01-04T19:36:40Z,105.0
2025-01-04T19:36:55Z,105.0
2025-01-04T19:37:00Z,104.0
2025-01-04T19:37:05Z,102.0
2025-01-04T19:37:10Z,104.0
2025-01-04T19:37:15Z,106.0
2025-01-04T19:37:30Z,106.0
2025-01-04T19:37:35Z,105.0
2025-01-04T19:37:40Z,103.0
2025-01-04T19:37:50Z,106.0
2025-01-04T19:37:55Z,104.0
2025-01-04T19:38:00Z,100.0
2025-01-04T19:38:05Z,99.0
2025-01-04T19:38:10Z,101.0
2025-01-04T19:38:15Z,99.0
2025-01-04T19:38:25Z,98.0
2025-01-04T19:38:30Z,99.0
2025-01-04T19:38:35Z,102.0
2025-01-04T19:38:40Z,106.0
2025-01-04T19:38:50Z,104.0
2025-01-04T19:38:55Z,99.0
2025-01-04T19:39:00Z,100.0
2025-01-04T19:39:15Z,101.0
2025-01-04T19:39:20Z,102.0
2025-01-04T19:39:25Z,102.0
2025-01-04T19:39:40Z,102.0
2025-01-04T19:39:45Z,104.0
2025-01-04T19:39:50Z,107.0
2025-01-04T19:39:55Z,108.0
2025-01-04T19:40:00Z,109.0
2025-01-04T19:40:15Z,109.0
2025-01-04T19:40:20Z,108.0
2025-01-04T19:40:35Z,109.0
2025-01-04T19:40:40Z,107.0
2025-01-04T19:40:45Z,101.0
2025-01-04T19:40:50Z,103.0
2025-01-04T19:40:55Z,109.0
2025-01-04T19:41:05Z,109.0
2025-01-04T19:41:10Z,109.0
2025-01-04T19:41:15Z,111.0
2025-01-04T19:41:20Z,112.0
2025-01-04T19:41:30Z,110.0
2025-01-04T19:41:35Z,108.0
2025-01-04T19:41:50Z,109.0
2025-01-04T19:42:05Z,109.0
2025-01-04T19:42:15Z,107.0
2025-01-04T19:42:30Z,107.0
2025-01-04T19:42:35Z,105.0
2025-01-04T19:42:40Z,103.0
2025-01-04T19:42:45Z,99.0
2025-01-04T19:42:50Z,96.0
2025-01-04T19:42:55Z,97.0
2025-01-04T19:43:11Z,97.0
2025-01-04T19:43:16Z,98.0
2025-01-04T19:43:21Z,95.0
2025-01-04T19:43:26Z,94.0
2025-01-04T19:43:31Z,93.0
2025-01-04T19:43:41Z,94.0
2025-01-04T19:43:51Z,95.0
2025-01-04T19:44:06Z,96.0
2025-01-04T19:44:11Z,98.0
2025-01-04T19:44:16Z,102.0
2025-01-04T19:44:21Z,103.0
2025-01-04T19:44:26Z,104.0
2025-01-04T19:44:36Z,101.0
2025-01-04T19:44:41Z,99.0
2025-01-04T19:44:46Z,98.0
2025-01-04T19:45:01Z,98.0
2025-01-04T19:45:11Z,99.0
2025-01-04T19:45:26Z,101.0
2025-01-04T19:45:41Z,102.0
2025-01-04T19:45:46Z,104.0
2025-01-04T19:45:51Z,102.0
2025-01-04T19:46:01Z,103.0
2025-01-04T19:46:06Z,100.0
2025-01-04T19:46:11Z,99.0
2025-01-04T19:46:16Z,98.0
2025-01-04T19:46:21Z,106.0
2025-01-04T19:46:26Z,110.0
2025-01-04T19:46:31Z,111.0
2025-01-04T19:46:41Z,109.0
2025-01-04T19:46:46Z,106.0
2025-01-04T19:46:51Z,104.0
2025-01-04T19:46:56Z,102.0
2025-01-04T19:47:01Z,101.0
2025-01-04T19:47:06Z,102.0
2025-01-04T19:47:11Z,105.0
2025-01-04T19:47:21Z,104.0
2025-01-04T19:47:26Z,102.0
2025-01-04T19:47:31Z,101.0
2025-01-04T19:47:36Z,99.0
2025-01-04T19:47:41Z,97.0
2025-01-04T19:47:46Z,96.0
2025-01-04T19:47:51Z,97.0
2025-01-04T19:47:56Z,98.0
2025-01-04T19:48:01Z,101.0
2025-01-04T19:48:11Z,100.0
2025-01-04T19:48:16Z,101.0
2025-01-04T19:48:21Z,102.0
2025-01-04T19:48:36Z,102.0
2025-01-04T19:48:41Z,105.0
2025-01-04T19:48:46Z,113.0
2025-01-04T19:48:51Z,112.0
2025-01-04T19:48:56Z,110.0
2025-01-04T19:49:01Z,111.0
2025-01-04T19:49:06Z,112.0
2025-01-04T19:49:11Z,109.0
2025-01-04T19:49:16Z,111.0
2025-01-04T19:49:21Z,112.0
2025-01-04T19:49:26Z,113.0
2025-01-04T19:49:31Z,116.0
2025-01-04T19:49:36Z,118.0
2025-01-04T19:49:41Z,117.0
2025-01-04T19:49:56Z,117.0
2025-01-04T19:50:01Z,116.0
2025-01-04T19:50:06Z,114.0
2025-01-04T19:50:11Z,110.0
2025-01-04T19:50:21Z,107.0
2025-01-04T19:50:31Z,110.0
2025-01-04T19:50:36Z,111.0
2025-01-04T19:50:41Z,110.0
2025-01-04T19:50:46Z,109.0
2025-01-04T19:51:01Z,109.0
2025-01-04T19:51:06Z,110.0
2025-01-04T19:51:11Z,102.0
2025-01-04T19:51:16Z,97.0
2025-01-04T19:51:21Z,96.0
2025-01-04T19:51:31Z,97.0
2025-01-04T19:51:36Z,99.0
2025-01-04T19:51:41Z,101.0
2025-01-04T19:51:46Z,107.0
2025-01-04T19:51:51Z,107.0
2025-01-04T19:51:56Z,101.0
2025-01-04T19:52:01Z,93.0
2025-01-04T19:52:06Z,92.0
2025-01-04T19:52:11Z,91.0
2025-01-04T19:52:21Z,90.0
2025-01-04T19:52:26Z,86.0
2025-01-04T19:52:31Z,85.0
2025-01-04T19:52:36Z,87.0
2025-01-04T19:52:41Z,86.0
2025-01-04T19:52:46Z,83.0
2025-01-04T19:52:51Z,82.0
2025-01-04T19:53:06Z,83.0
2025-01-04T19:53:11Z,84.0
2025-01-04T19:53:16Z,86.0
2025-01-04T19:53:26Z,87.0
2025-01-04T19:53:41Z,87.0
2025-01-04T19:53:46Z,89.0
2025-01-04T19:53:51Z,90.0
2025-01-04T19:53:56Z,92.0
2025-01-04T19:54:01Z,91.0
2025-01-04T19:54:06Z,90.0
2025-01-04T19:54:11Z,88.0
2025-01-04T19:54:26Z,88.0
2025-01-04T19:54:36Z,86.0
2025-01-04T19:54:46Z,88.0
2025-01-04T19:54:51Z,89.0
2025-01-04T19:54:56Z,89.0
2025-01-04T19:55:01Z,90.0
2025-01-04T19:55:06Z,89.0
2025-01-04T19:55:11Z,90.0
2025-01-04T19:55:16Z,89.0
2025-01-04T19:55:21Z,88.0
2025-01-04T19:55:31Z,87.0
2025-01-04T19:55:41Z,89.0
2025-01-04T19:55:46Z,88.0
2025-01-04T19:55:51Z,85.0
2025-01-04T19:55:56Z,84.0
2025-01-04T19:56:01Z,85.0
2025-01-04T19:56:06Z,84.0
2025-01-04T19:56:11Z,83.0
2025-01-04T19:56:16Z,81.0
2025-01-04T19:56:21Z,82.0
2025-01-04T19:56:31Z,83.0
2025-01-04T19:56:36Z,84.0
2025-01-04T19:56:41Z,85.0
2025-01-04T19:56:56Z,85.0
2025-01-04T19:57:01Z,84.0
2025-01-04T19:57:06Z,83.0
2025-01-04T19:57:11Z,81.0
2025-01-04T19:57:16Z,80.0
2025-01-04T19:57:31Z,80.0
2025-01-04T19:57:46Z,81.0
2025-01-04T19:57:51Z,83.0
2025-01-04T19:57:56Z,84.0
2025-01-04T19:58:11Z,84.0
2025-01-04T19:58:16Z,84.0
2025-01-04T19:58:21Z,84.0
2025-01-04T19:58:26Z,82.0
2025-01-04T19:58:36Z,84.0
2025-01-04T19:58:41Z,83.0
2025-01-04T19:58:51Z,81.0
2025-01-04T19:58:56Z,80.0
2025-01-04T19:59:01Z,79.0
2025-01-04T19:59:06Z,80.0
2025-01-04T19:59:11Z,81.0
2025-01-04T19:59:16Z,82.0
2025-01-04T19:59:26Z,83.0
2025-01-04T19:59:31Z,82.0
2025-01-04T19:59:41Z,81.0
2025-01-04T19:59:46Z,79.0
2025-01-04T19:59:51Z,78.0
2025-01-04T19:59:56Z,79.0
2025-01-04T20:00:01Z,80.0
2025-01-04T20:00:06Z,81.0
2025-01-04T20:00:11Z,83.0
2025-01-04T20:00:21Z,84.0
2025-01-04T20:00:26Z,88.0
2025-01-04T20:00:31Z,89.0
2025-01-04T20:00:36Z,92.0
2025-01-04T20:00:41Z,94.0
2025-01-04T20:00:46Z,95.0
2025-01-04T20:00:51Z,95.0
2025-01-04T20:01:01Z,94.0
2025-01-04T20:01:16Z,95.0
2025-01-04T20:01:21Z,94.0
2025-01-04T20:01:26Z,96.0
2025-01-04T20:01:31Z,98.0
2025-01-04T20:01:41Z,97.0
2025-01-04T20:01:46Z,96.0
2025-01-04T20:01:56Z,98.0
2025-01-04T20:02:01Z,98.0
2025-01-04T20:02:06Z,97.0
2025-01-04T20:02:11Z,96.0
2025-01-04T20:02:21Z,95.0
2025-01-04T20:02:26Z,94.0
2025-01-04T20:02:31Z,95.0
2025-01-04T20:02:36Z,97.0
2025-01-04T20:02:46Z,93.0
2025-01-04T20:02:51Z,91.0
2025-01-04T20:02:56Z,90.0
2025-01-04T20:03:06Z,91.0
2025-01-04T20:03:11Z,92.0
2025-01-04T20:03:16Z,91.0
2025-01-04T20:03:21Z,92.0
2025-01-04T20:03:36Z,93.0
2025-01-04T20:03:41Z,92.0
2025-01-04T20:03:46Z,93.0
2025-01-04T20:03:51Z,97.0
2025-01-04T20:03:56Z,99.0
2025-01-04T20:04:01Z,98.0
2025-01-04T20:04:06Z,98.0
2025-01-04T20:04:11Z,99.0
2025-01-04T20:04:16Z,102.0
2025-01-04T20:04:21Z,103.0
2025-01-04T20:04:26Z,104.0
2025-01-04T20:04:31Z,105.0
2025-01-04T20:04:46Z,106.0
2025-01-04T20:04:51Z,101.0
2025-01-04T20:04:56Z,103.0
2025-01-04T20:05:01Z,104.0
2025-01-04T20:05:06Z,107.0
2025-01-04T20:05:11Z,106.0
2025-01-04T20:05:16Z,107.0
2025-01-04T20:05:21Z,108.0
2025-01-04T20:05:31Z,111.0
2025-01-04T20:05:41Z,111.0
2025-01-04T20:05:46Z,110.0
2025-01-04T20:05:51Z,109.0
2025-01-04T20:06:01Z,112.0
2025-01-04T20:06:06Z,112.0
2025-01-04T20:06:11Z,112.0
2025-01-04T20:06:16Z,111.0
2025-01-04T20:06:21Z,113.0
2025-01-04T20:06:26Z,109.0
2025-01-04T20:06:31Z,108.0
2025-01-04T20:06:36Z,111.0
2025-01-04T20:06:41Z,112.0
2025-01-04T20:06:46Z,115.0
2025-01-04T20:06:51Z,118.0
2025-01-04T20:06:56Z,120.0
2025-01-04T20:07:01Z,119.0
2025-01-04T20:07:06Z,118.0
2025-01-04T20:07:11Z,119.0
2025-01-04T20:07:16Z,121.0
2025-01-04T20:07:26Z,119.0
2025-01-04T20:07:31Z,117.0
2025-01-04T20:07:36Z,113.0
2025-01-04T20:07:41Z,110.0
2025-01-04T20:07:46Z,112.0
2025-01-04T20:07:51Z,111.0
2025-01-04T20:08:06Z,111.0
2025-01-04T20:08:11Z,108.0
2025-01-04T20:08:16Z,104.0
2025-01-04T20:08:21Z,98.0
2025-01-04T20:08:26Z,93.0
2025-01-04T20:08:31Z,88.0
2025-01-04T20:08:36Z,85.0
2025-01-04T20:08:51Z,88.0
2025-01-04T20:08:56Z,89.0
2025-01-04T20:09:01Z,88.0
2025-01-04T20:09:06Z,87.0
2025-01-04T20:09:11Z,91.0
2025-01-04T20:09:16Z,94.0
2025-01-04T20:09:21Z,92.0
2025-01-04T20:09:26Z,91.0
2025-01-04T20:09:31Z,92.0
2025-01-04T20:09:36Z,94.0
2025-01-04T20:09:41Z,93.0
2025-01-04T20:09:56Z,93.0
2025-01-04T20:10:11Z,94.0
2025-01-04T20:10:16Z,95.0
2025-01-04T20:10:21Z,92.0
2025-01-04T20:10:26Z,88.0
2025-01-04T20:10:31Z,89.0
2025-01-04T20:10:46Z,91.0
2025-01-04T20:10:51Z,93.0
2025-01-04T20:10:56Z,94.0
2025-01-04T20:11:01Z,93.0
2025-01-04T20:11:06Z,89.0
2025-01-04T20:11:11Z,88.0
2025-01-04T20:11:16Z,90.0
2025-01-04T20:11:21Z,93.0
2025-01-04T20:11:26Z,98.0
2025-01-04T20:11:31Z,103.0
2025-01-04T20:11:36Z,104.0
2025-01-04T20:11:41Z,106.0
2025-01-04T20:11:46Z,107.0
2025-01-04T20:11:51Z,105.0
2025-01-04T20:11:56Z,105.0
2025-01-04T20:12:01Z,108.0
2025-01-04T20:12:06Z,109.0
2025-01-04T20:12:11Z,112.0
2025-01-04T20:12:16Z,114.0
2025-01-04T20:12:26Z,108.0
2025-01-04T20:12:31Z,106.0
2025-01-04T20:12:46Z,105.0
2025-01-04T20:13:01Z,105.0
2025-01-04T20:13:06Z,102.0
2025-01-04T20:13:11Z,101.0
2025-01-04T20:13:16Z,103.0
2025-01-04T20:13:21Z,105.0
2025-01-04T20:13:25Z,104.0
2025-01-04T20:13:35Z,102.0
2025-01-04T20:13:40Z,101.0
2025-01-04T20:13:50Z,102.0
2025-01-04T20:14:05Z,100.0
2025-01-04T20:14:10Z,97.0
2025-01-04T20:14:15Z,93.0
2025-01-04T20:14:20Z,91.0
2025-01-04T20:14:30Z,92.0
2025-01-04T20:14:40Z,90.0
2025-01-04T20:14:45Z,94.0
2025-01-04T20:14:50Z,93.0
2025-01-04T20:15:00Z,93.0
2025-01-04T20:15:10Z,94.0
2025-01-04T20:15:15Z,96.0
2025-01-04T20:15:20Z,98.0
2025-01-04T20:15:25Z,99.0
2025-01-04T20:15:30Z,100.0
2025-01-04T20:15:35Z,100.0
2025-01-04T20:15:40Z,105.0
2025-01-04T20:15:45Z,111.0
2025-01-04T20:15:50Z,113.0
2025-01-04T20:16:00Z,111.0
2025-01-04T20:16:05Z,108.0
2025-01-04T20:16:10Z,104.0
2025-01-04T20:16:15Z,101.0
2025-01-04T20:16:20Z,98.0
2025-01-04T20:16:25Z,97.0
2025-01-04T20:16:30Z,98.0
2025-01-04T20:16:45Z,101.0
2025-01-04T20:16:50Z,103.0
2025-01-04T20:16:55Z,104.0
2025-01-04T20:17:00Z,103.0
2025-01-04T20:17:05Z,104.0
2025-01-04T20:17:10Z,108.0
2025-01-04T20:17:15Z,111.0
2025-01-04T20:17:25Z,114.0
2025-01-04T20:17:30Z,111.0
2025-01-04T20:17:35Z,108.0
2025-01-04T20:17:40Z,106.0
2025-01-04T20:17:55Z,106.0
2025-01-04T20:18:00Z,107.0
2025-01-04T20:18:05Z,115.0
2025-01-04T20:18:10Z,116.0
2025-01-04T20:18:20Z,115.0
2025-01-04T20:18:25Z,117.0
2025-01-04T20:18:30Z,118.0
2025-01-04T20:18:40Z,120.0
2025-01-04T20:18:55Z,117.0
2025-01-04T20:19:00Z,114.0
2025-01-04T20:19:05Z,112.0
2025-01-04T20:19:10Z,110.0
2025-01-04T20:19:15Z,108.0
2025-01-04T20:19:20Z,109.0
2025-01-04T20:19:25Z,106.0
2025-01-04T20:19:30Z,100.0
2025-01-04T20:19:35Z,97.0
2025-01-04T20:19:40Z,95.0
2025-01-04T20:19:45Z,96.0
2025-01-04T20:19:55Z,95.0
2025-01-04T20:20:10Z,95.0
2025-01-04T20:20:15Z,96.0
2025-01-04T20:20:20Z,93.0
2025-01-04T20:20:25Z,91.0
2025-01-04T20:20:35Z,92.0
2025-01-04T20:20:45Z,94.0
2025-01-04T20:20:50Z,98.0
2025-01-04T20:21:00Z,97.0
2025-01-04T20:21:05Z,97.0
2025-01-04T20:21:15Z,94.0
2025-01-04T20:21:20Z,91.0
2025-01-04T20:21:25Z,92.0
2025-01-04T20:21:30Z,94.0
2025-01-04T20:21:35Z,95.0
2025-01-04T20:21:45Z,96.0
2025-01-04T20:21:50Z,94.0
2025-01-04T20:22:00Z,93.0
2025-01-04T20:22:05Z,97.0
2025-01-04T20:22:10Z,100.0
2025-01-04T20:22:20Z,99.0
2025-01-04T20:22:25Z,101.0
2025-01-04T20:22:30Z,105.0
2025-01-04T20:22:40Z,118.0
2025-01-04T20:22:45Z,119.0
2025-01-04T20:22:50Z,120.0
2025-01-04T20:23:00Z,121.0
2025-01-04T20:23:05Z,123.0
2025-01-04T20:23:15Z,122.0
2025-01-04T20:23:30Z,123.0
2025-01-04T20:23:35Z,124.0
2025-01-04T20:23:40Z,120.0
2025-01-04T20:23:45Z,116.0
2025-01-04T20:23:50Z,111.0
2025-01-04T20:23:55Z,110.0
2025-01-04T20:24:00Z,109.0
2025-01-04T20:24:05Z,108.0
2025-01-04T20:24:10Z,108.0
2025-01-04T20:24:15Z,108.0
2025-01-04T20:24:20Z,110.0
2025-01-04T20:24:35Z,111.0
2025-01-04T20:24:40Z,110.0
2025-01-04T20:24:50Z,109.0
2025-01-04T20:24:55Z,110.0
2025-01-04T20:25:00Z,109.0
2025-01-04T20:25:05Z,106.0
2025-01-04T20:25:10Z,102.0
2025-01-04T20:25:15Z,103.0
2025-01-04T20:25:20Z,104.0
2025-01-04T20:25:35Z,103.0
2025-01-04T20:25:40Z,104.0
2025-01-04T20:25:45Z,106.0
2025-01-04T20:25:55Z,108.0
2025-01-04T20:26:00Z,107.0
2025-01-04T20:26:10Z,108.0
2025-01-04T20:26:25Z,108.0
2025-01-04T20:26:30Z,109.0
2025-01-04T20:26:35Z,108.0
2025-01-04T20:26:40Z,107.0
2025-01-04T20:26:45Z,106.0
2025-01-04T20:26:50Z,103.0
2025-01-04T20:26:55Z,102.0
2025-01-04T20:27:00Z,99.0
2025-01-04T20:27:05Z,98.0
2025-01-04T20:27:10Z,97.0
2025-01-04T20:27:15Z,93.0
2025-01-04T20:27:30Z,95.0
2025-01-04T20:27:35Z,96.0
2025-01-04T20:27:40Z,97.0
2025-01-04T20:27:45Z,98.0
2025-01-04T20:27:55Z,99.0
2025-01-04T20:28:00Z,100.0
2025-01-04T20:28:05Z,101.0
2025-01-04T20:28:10Z,102.0
2025-01-04T20:28:15Z,102.0
2025-01-04T20:28:31Z,103.0
2025-01-04T20:28:36Z,104.0
2025-01-04T20:28:41Z,103.0
2025-01-04T20:28:51Z,104.0
2025-01-04T20:29:01Z,105.0
2025-01-04T20:29:11Z,106.0
2025-01-04T20:29:21Z,107.0
2025-01-04T20:29:26Z,108.0
2025-01-04T20:29:36Z,107.0
2025-01-04T20:29:41Z,106.0
2025-01-04T20:29:46Z,104.0
2025-01-04T20:29:51Z,103.0
2025-01-04T20:29:56Z,104.0
2025-01-04T20:30:01Z,103.0
2025-01-04T20:30:11Z,102.0
2025-01-04T20:30:16Z,100.0
2025-01-04T20:30:21Z,101.0
2025-01-04T20:30:36Z,101.0
2025-01-04T20:30:51Z,100.0
2025-01-04T20:30:56Z,98.0
2025-01-04T20:31:01Z,98.0
2025-01-04T20:31:06Z,101.0
2025-01-04T20:31:11Z,106.0
2025-01-04T20:31:16Z,107.0
2025-01-04T20:31:31Z,109.0
2025-01-04T20:31:46Z,112.0
2025-01-04T20:31:51Z,110.0
2025-01-04T20:31:56Z,111.0
2025-01-04T20:32:01Z,112.0
2025-01-04T20:32:06Z,113.0
2025-01-04T20:32:16Z,110.0
2025-01-04T20:32:21Z,109.0
2025-01-04T20:32:26Z,108.0
2025-01-04T20:32:41Z,108.0
2025-01-04T20:32:56Z,108.0
2025-01-04T20:33:01Z,110.0
2025-01-04T20:33:06Z,109.0
2025-01-04T20:33:11Z,108.0
2025-01-04T20:33:16Z,107.0
2025-01-04T20:33:21Z,106.0
2025-01-04T20:33:31Z,105.0
2025-01-04T20:33:41Z,104.0
2025-01-04T20:33:46Z,101.0
2025-01-04T20:33:56Z,100.0
2025-01-04T20:34:01Z,101.0
2025-01-04T20:34:06Z,102.0
2025-01-04T20:34:21Z,100.0
2025-01-04T20:34:26Z,100.0
2025-01-04T20:34:36Z,100.0
2025-01-04T20:34:41Z,99.0
2025-01-04T20:34:51Z,100.0
2025-01-04T20:34:56Z,99.0
2025-01-04T20:35:06Z,102.0
2025-01-04T20:35:11Z,104.0
2025-01-04T20:35:16Z,103.0
2025-01-04T20:35:21Z,101.0
2025-01-04T20:35:26Z,98.0
2025-01-04T20:35:31Z,97.0
2025-01-04T20:35:36Z,96.0
2025-01-04T20:35:51Z,96.0
2025-01-04T20:36:06Z,97.0
2025-01-04T20:36:11Z,98.0
2025-01-04T20:36:21Z,99.0
2025-01-04T20:36:26Z,100.0
2025-01-04T20:36:41Z,100.0
2025-01-04T20:36:46Z,99.0
2025-01-04T20:36:51Z,104.0
2025-01-04T20:37:01Z,107.0
2025-01-04T20:37:06Z,108.0
2025-01-04T20:37:11Z,107.0
2025-01-04T20:37:16Z,101.0
2025-01-04T20:37:21Z,98.0
2025-01-04T20:37:26Z,93.0
2025-01-04T20:37:31Z,88.0
2025-01-04T20:37:36Z,89.0
2025-01-04T20:37:46Z,95.0
2025-01-04T20:37:51Z,98.0
2025-01-04T20:38:01Z,100.0
2025-01-04T20:38:06Z,101.0
2025-01-04T20:38:16Z,101.0
2025-01-04T20:38:21Z,101.0
2025-01-04T20:38:26Z,101.0
2025-01-04T20:38:36Z,103.0
2025-01-04T20:38:41Z,104.0
2025-01-04T20:38:46Z,105.0
2025-01-04T20:38:56Z,109.0
2025-01-04T20:39:01Z,112.0
2025-01-04T20:39:16Z,111.0
2025-01-04T20:39:21Z,108.0
2025-01-04T20:39:26Z,108.0
2025-01-04T20:39:31Z,109.0
2025-01-04T20:39:36Z,111.0
2025-01-04T20:39:41Z,112.0
2025-01-04T20:39:46Z,111.0
2025-01-04T20:40:01Z,111.0
2025-01-04T20:40:06Z,112.0
2025-01-04T20:40:11Z,115.0
2025-01-04T20:40:16Z,112.0
2025-01-04T20:40:21Z,112.0
2025-01-04T20:40:31Z,114.0
2025-01-04T20:40:41Z,116.0
2025-01-04T20:40:46Z,119.0
2025-01-04T20:41:01Z,116.0
2025-01-04T20:41:06Z,115.0
2025-01-04T20:41:11Z,113.0
2025-01-04T20:41:16Z,111.0
2025-01-04T20:41:21Z,110.0
2025-01-04T20:41:26Z,112.0
2025-01-04T20:41:31Z,113.0
2025-01-04T20:41:36Z,112.0
2025-01-04T20:41:46Z,111.0
2025-01-04T20:41:51Z,108.0
2025-01-04T20:41:56Z,106.0
2025-01-04T20:42:01Z,104.0
2025-01-04T20:42:06Z,103.0
2025-01-04T20:42:11Z,104.0
2025-01-04T20:42:16Z,106.0
2025-01-04T20:42:21Z,107.0
2025-01-04T20:42:26Z,108.0
2025-01-04T20:42:31Z,107.0
2025-01-04T20:42:46Z,107.0
2025-01-04T20:42:51Z,106.0
2025-01-04T20:42:56Z,103.0
2025-01-04T20:43:06Z,102.0
2025-01-04T20:43:11Z,99.0
2025-01-04T20:43:26Z,98.0
2025-01-04T20:43:31Z,96.0
2025-01-04T20:43:36Z,94.0
2025-01-04T20:43:46Z,93.0
2025-01-04T20:43:51Z,95.0
2025-01-04T20:43:56Z,97.0
2025-01-04T20:44:11Z,99.0
2025-01-04T20:44:16Z,100.0
2025-01-04T20:44:21Z,101.0
2025-01-04T20:44:26Z,102.0
2025-01-04T20:44:31Z,102.0
2025-01-04T20:44:46Z,100.0
2025-01-04T20:45:01Z,102.0
2025-01-04T20:45:06Z,104.0
2025-01-04T20:45:11Z,105.0
2025-01-04T20:45:16Z,107.0
2025-01-04T20:45:21Z,108.0
2025-01-04T20:45:31Z,110.0
2025-01-04T20:45:36Z,112.0
2025-01-04T20:45:41Z,113.0
2025-01-04T20:45:46Z,112.0
2025-01-04T20:45:51Z,111.0
2025-01-04T20:45:56Z,112.0
2025-01-04T20:46:01Z,110.0
2025-01-04T20:46:06Z,109.0
2025-01-04T20:46:16Z,108.0
2025-01-04T20:46:21Z,109.0
2025-01-04T20:46:26Z,110.0
2025-01-04T20:46:41Z,112.0
2025-01-04T20:46:46Z,111.0
2025-01-04T20:46:51Z,114.0
2025-01-04T20:47:01Z,112.0
2025-01-04T20:47:11Z,107.0
2025-01-04T20:47:16Z,106.0
2025-01-04T20:47:21Z,108.0
2025-01-04T20:47:31Z,107.0
2025-01-04T20:47:36Z,100.0
2025-01-04T20:47:41Z,93.0
2025-01-04T20:47:46Z,92.0
2025-01-04T20:48:01Z,93.0
2025-01-04T20:48:16Z,93.0
2025-01-04T20:48:21Z,94.0
2025-01-04T20:48:36Z,94.0
2025-01-04T20:48:46Z,95.0
2025-01-04T20:48:51Z,96.0
2025-01-04T20:49:01Z,95.0
2025-01-04T20:49:06Z,93.0
2025-01-04T20:49:21Z,92.0
2025-01-04T20:49:26Z,89.0
2025-01-04T20:49:41Z,89.0
2025-01-04T20:49:46Z,90.0
2025-01-04T20:50:01Z,90.0
2025-01-04T20:50:06Z,91.0
2025-01-04T20:50:11Z,90.0
2025-01-04T20:50:17Z,90.0
2025-01-04T20:50:32Z,88.0
2025-01-04T20:50:37Z,89.0
2025-01-04T20:50:42Z,92.0
2025-01-04T20:50:47Z,93.0
2025-01-04T20:51:02Z,93.0
2025-01-04T20:51:17Z,93.0
2025-01-04T20:51:27Z,96.0
2025-01-04T20:51:32Z,98.0
2025-01-04T20:51:37Z,97.0
2025-01-04T20:51:42Z,96.0
2025-01-04T20:51:47Z,95.0
2025-01-04T20:51:52Z,94.0
2025-01-04T20:51:57Z,93.0
2025-01-04T20:52:02Z,92.0
2025-01-04T20:52:07Z,88.0
2025-01-04T20:52:12Z,86.0
2025-01-04T20:52:17Z,87.0
2025-01-04T20:52:32Z,87.0
2025-01-04T20:52:37Z,86.0
2025-01-04T20:52:52Z,87.0
2025-01-04T20:53:07Z,87.0
2025-01-04T20:53:22Z,87.0
2025-01-04T20:53:37Z,87.0
2025-01-04T20:53:42Z,88.0
2025-01-04T20:53:47Z,89.0
2025-01-04T20:54:02Z,89.0
2025-01-04T20:54:07Z,89.0
2025-01-04T20:54:22Z,88.0
2025-01-04T20:54:32Z,87.0
2025-01-04T20:54:47Z,87.0
2025-01-04T20:55:02Z,88.0
2025-01-04T20:55:07Z,89.0
2025-01-04T20:55:12Z,90.0
2025-01-04T20:55:22Z,90.0
2025-01-04T20:55:27Z,89.0
2025-01-04T20:55:32Z,88.0
2025-01-04T20:55:37Z,87.0
2025-01-04T20:55:42Z,88.0
2025-01-04T20:55:52Z,89.0
2025-01-04T20:56:02Z,87.0
2025-01-04T20:56:12Z,85.0
2025-01-04T20:56:17Z,83.0
2025-01-04T20:56:32Z,82.0
2025-01-04T20:56:36Z,82.0
2025-01-04T20:56:51Z,82.0
2025-01-04T20:57:06Z,82.0
2025-01-04T20:57:11Z,83.0
2025-01-04T20:57:21Z,85.0
2025-01-04T20:57:31Z,86.0
2025-01-04T20:57:36Z,87.0
2025-01-04T20:57:51Z,87.0
2025-01-04T20:57:56Z,88.0
2025-01-04T20:58:11Z,88.0
2025-01-04T20:58:26Z,89.0
2025-01-04T20:58:36Z,87.0
2025-01-04T20:58:41Z,86.0
2025-01-04T20:58:46Z,87.0
2025-01-04T20:58:51Z,88.0
2025-01-04T20:58:56Z,89.0
2025-01-04T20:59:01Z,91.0
2025-01-04T20:59:06Z,92.0
2025-01-04T20:59:21Z,92.0
2025-01-04T20:59:26Z,93.0
2025-01-04T20:59:31Z,94.0
2025-01-04T20:59:46Z,97.0
2025-01-04T20:59:51Z,104.0
2025-01-04T20:59:56Z,105.0
2025-01-04T21:00:01Z,106.0
2025-01-04T21:00:11Z,108.0
2025-01-04T21:00:16Z,107.0
2025-01-04T21:00:21Z,106.0
2025-01-04T21:00:26Z,102.0
2025-01-04T21:00:31Z,103.0
2025-01-04T21:00:36Z,102.0
2025-01-04T21:00:41Z,106.0
2025-01-04T21:00:46Z,108.0
2025-01-04T21:00:56Z,106.0
2025-01-04T21:01:01Z,104.0
2025-01-04T21:01:06Z,107.0
2025-01-04T21:01:11Z,110.0
2025-01-04T21:01:16Z,111.0
2025-01-04T21:01:26Z,110.0
2025-01-04T21:01:31Z,108.0
2025-01-04T21:01:36Z,106.0
2025-01-04T21:01:41Z,103.0
2025-01-04T21:01:46Z,101.0
2025-01-04T21:01:56Z,98.0
2025-01-04T21:02:01Z,100.0
2025-01-04T21:02:06Z,99.0
2025-01-04T21:02:11Z,99.0
2025-01-04T21:02:16Z,101.0
2025-01-04T21:02:21Z,102.0
2025-01-04T21:02:26Z,103.0
2025-01-04T21:02:31Z,101.0
2025-01-04T21:02:46Z,105.0
2025-01-04T21:02:51Z,108.0
2025-01-04T21:02:56Z,112.0
2025-01-04T21:03:01Z,116.0
2025-01-04T21:03:06Z,117.0
2025-01-04T21:03:11Z,118.0
2025-01-04T21:03:16Z,117.0
2025-01-04T21:03:21Z,116.0
2025-01-04T21:03:26Z,115.0
2025-01-04T21:03:31Z,113.0
2025-01-04T21:03:36Z,111.0
2025-01-04T21:03:41Z,108.0
2025-01-04T21:03:46Z,107.0
2025-01-04T21:04:01Z,106.0
2025-01-04T21:04:06Z,105.0
2025-01-04T21:04:11Z,107.0
2025-01-04T21:04:21Z,106.0
2025-01-04T21:04:36Z,106.0
2025-01-04T21:04:41Z,105.0
2025-01-04T21:04:56Z,104.0
2025-01-04T21:05:01Z,104.0
2025-01-04T21:05:11Z,105.0
2025-01-04T21:05:16Z,110.0
2025-01-04T21:05:21Z,114.0
2025-01-04T21:05:26Z,116.0
2025-01-04T21:05:31Z,120.0
2025-01-04T21:05:36Z,121.0
2025-01-04T21:05:41Z,123.0
2025-01-04T21:05:46Z,126.0
2025-01-04T21:05:51Z,125.0
2025-01-04T21:05:56Z,125.0
2025-01-04T21:06:01Z,122.0
2025-01-04T21:06:06Z,124.0
2025-01-04T21:06:11Z,126.0
2025-01-04T21:06:21Z,125.0
2025-01-04T21:06:26Z,122.0
2025-01-04T21:06:31Z,120.0
2025-01-04T21:06:36Z,118.0
2025-01-04T21:06:41Z,122.0
2025-01-04T21:06:46Z,125.0
2025-01-04T21:06:51Z,124.0
2025-01-04T21:06:56Z,122.0
2025-01-04T21:07:01Z,120.0
2025-01-04T21:07:06Z,119.0
2025-01-04T21:07:11Z,120.0
2025-01-04T21:07:16Z,126.0
2025-01-04T21:07:21Z,130.0
2025-01-04T21:07:36Z,129.0
2025-01-04T21:07:41Z,128.0
2025-01-04T21:07:46Z,127.0
2025-01-04T21:07:51Z,123.0
2025-01-04T21:07:56Z,122.0
2025-01-04T21:08:01Z,121.0
2025-01-04T21:08:06Z,118.0
2025-01-04T21:08:11Z,115.0
2025-01-04T21:08:16Z,117.0
2025-01-04T21:08:21Z,122.0
2025-01-04T21:08:26Z,126.0
2025-01-04T21:08:31Z,126.0
2025-01-04T21:08:46Z,124.0
2025-01-04T21:08:51Z,123.0
2025-01-04T21:08:56Z,121.0
2025-01-04T21:09:06Z,123.0
2025-01-04T21:09:11Z,125.0
2025-01-04T21:09:26Z,124.0
2025-01-04T21:09:31Z,120.0
2025-01-04T21:09:36Z,120.0
2025-01-04T21:09:41Z,121.0
2025-01-04T21:09:51Z,117.0
2025-01-04T21:09:56Z,116.0
2025-01-04T21:10:01Z,113.0
2025-01-04T21:10:06Z,112.0
2025-01-04T21:10:11Z,111.0
2025-01-04T21:10:16Z,109.0
2025-01-04T21:10:21Z,106.0
2025-01-04T21:10:26Z,104.0
2025-01-04T21:10:36Z,106.0
2025-01-04T21:10:41Z,108.0
2025-01-04T21:10:51Z,109.0
2025-01-04T21:10:56Z,111.0
2025-01-04T21:11:11Z,111.0
2025-01-04T21:11:26Z,111.0
2025-01-04T21:11:36Z,110.0
2025-01-04T21:11:51Z,110.0
2025-01-04T21:11:56Z,112.0
2025-01-04T21:12:01Z,111.0
2025-01-04T21:12:06Z,112.0
2025-01-04T21:12:11Z,118.0
2025-01-04T21:12:16Z,119.0
2025-01-04T21:12:26Z,116.0
2025-01-04T21:12:31Z,114.0
2025-01-04T21:12:36Z,115.0
2025-01-04T21:12:41Z,114.0
2025-01-04T21:12:46Z,115.0
2025-01-04T21:13:01Z,115.0
2025-01-04T21:13:06Z,117.0
2025-01-04T21:13:11Z,118.0
2025-01-04T21:13:26Z,117.0
2025-01-04T21:13:41Z,121.0
2025-01-04T21:13:46Z,125.0
2025-01-04T21:14:01Z,127.0
2025-01-04T21:14:11Z,126.0
2025-01-04T21:14:16Z,123.0
2025-01-04T21:14:21Z,122.0
2025-01-04T21:14:36Z,121.0
2025-01-04T21:14:41Z,119.0
2025-01-04T21:14:46Z,120.0
2025-01-04T21:15:01Z,119.0
2025-01-04T21:15:06Z,116.0
2025-01-04T21:15:11Z,115.0
2025-01-04T21:15:16Z,113.0
2025-01-04T21:15:21Z,113.0
2025-01-04T21:15:26Z,110.0
2025-01-04T21:15:31Z,105.0
2025-01-04T21:15:36Z,101.0
2025-01-04T21:15:46Z,100.0
2025-01-04T21:15:51Z,98.0
2025-01-04T21:15:56Z,96.0
2025-01-04T21:16:01Z,98.0
2025-01-04T21:16:06Z,103.0
2025-01-04T21:16:11Z,102.0
2025-01-04T21:16:16Z,97.0
2025-01-04T21:16:21Z,96.0
2025-01-04T21:16:26Z,100.0
2025-01-04T21:16:31Z,105.0
2025-01-04T21:16:36Z,108.0
2025-01-04T21:16:41Z,112.0
2025-01-04T21:16:46Z,114.0
2025-01-04T21:16:51Z,115.0
2025-01-04T21:16:56Z,117.0
2025-01-04T21:17:06Z,116.0
2025-01-04T21:17:11Z,119.0
2025-01-04T21:17:16Z,120.0
2025-01-04T21:17:31Z,120.0
2025-01-04T21:17:46Z,119.0
2025-01-04T21:17:56Z,120.0
2025-01-04T21:18:01Z,120.0
2025-01-04T21:18:11Z,119.0
2025-01-04T21:18:16Z,116.0
2025-01-04T21:18:26Z,118.0
2025-01-04T21:18:31Z,119.0
2025-01-04T21:18:41Z,118.0
2025-01-04T21:18:46Z,116.0
2025-01-04T21:18:51Z,117.0
2025-01-04T21:18:56Z,116.0
2025-01-04T21:19:01Z,118.0
2025-01-04T21:19:11Z,117.0
2025-01-04T21:19:16Z,116.0
2025-01-04T21:19:21Z,115.0
2025-01-04T21:19:31Z,113.0
2025-01-04T21:19:36Z,110.0
2025-01-04T21:19:41Z,111.0
2025-01-04T21:19:46Z,114.0
2025-01-04T21:19:51Z,116.0
2025-01-04T21:19:56Z,115.0
2025-01-04T21:20:01Z,117.0
2025-01-04T21:20:11Z,117.0
2025-01-04T21:20:16Z,118.0
2025-01-04T21:20:21Z,121.0
2025-01-04T21:20:26Z,125.0
2025-01-04T21:20:31Z,127.0
2025-01-04T21:20:36Z,125.0
2025-01-04T21:20:41Z,124.0
2025-01-04T21:20:51Z,126.0
2025-01-04T21:21:01Z,124.0
2025-01-04T21:21:06Z,120.0
2025-01-04T21:21:21Z,120.0
2025-01-04T21:21:31Z,119.0
2025-01-04T21:21:41Z,121.0
2025-01-04T21:21:46Z,118.0
2025-01-04T21:21:51Z,117.0
2025-01-04T21:21:56Z,119.0
2025-01-04T21:22:01Z,117.0
2025-01-04T21:22:06Z,115.0
2025-01-04T21:22:11Z,112.0
2025-01-04T21:22:16Z,109.0
2025-01-04T21:22:21Z,105.0
2025-01-04T21:22:26Z,102.0
2025-01-04T21:22:31Z,100.0
2025-01-04T21:22:36Z,102.0
2025-01-04T21:22:41Z,101.0
2025-01-04T21:22:46Z,100.0
2025-01-04T21:22:51Z,97.0
2025-01-04T21:22:56Z,94.0
2025-01-04T21:23:01Z,90.0
2025-01-04T21:23:06Z,89.0
2025-01-04T21:23:11Z,92.0
2025-01-04T21:23:16Z,94.0
2025-01-04T21:23:26Z,93.0
2025-01-04T21:23:31Z,93.0
2025-01-04T21:23:36Z,91.0
2025-01-04T21:23:41Z,89.0
2025-01-04T21:23:46Z,89.0
2025-01-04T21:23:51Z,99.0
2025-01-04T21:23:56Z,102.0
2025-01-04T21:24:01Z,103.0
2025-01-04T21:24:06Z,108.0
2025-01-04T21:24:11Z,115.0
2025-01-04T21:24:16Z,116.0
2025-01-04T21:24:21Z,115.0
2025-01-04T21:24:26Z,116.0
2025-01-04T21:24:31Z,110.0
2025-01-04T21:24:36Z,107.0
2025-01-04T21:24:41Z,103.0
2025-01-04T21:24:46Z,98.0
2025-01-04T21:24:51Z,96.0
2025-01-04T21:24:56Z,94.0
2025-01-04T21:25:01Z,99.0
2025-01-04T21:25:06Z,100.0
2025-01-04T21:25:11Z,110.0
2025-01-04T21:25:16Z,113.0
2025-01-04T21:25:21Z,112.0
2025-01-04T21:25:26Z,110.0
2025-01-04T21:25:31Z,109.0
2025-01-04T21:25:36Z,112.0
2025-01-04T21:25:46Z,109.0
2025-01-04T21:25:51Z,108.0
2025-01-04T21:25:56Z,104.0
2025-01-04T21:26:01Z,100.0
2025-01-04T21:26:06Z,101.0
2025-01-04T21:26:11Z,99.0
2025-01-04T21:26:21Z,97.0
2025-01-04T21:26:26Z,94.0
2025-01-04T21:26:31Z,91.0
2025-01-04T21:26:36Z,87.0
2025-01-04T21:26:41Z,91.0
2025-01-04T21:26:46Z,100.0
2025-01-04T21:26:50Z,104.0
2025-01-04T21:26:55Z,102.0
2025-01-04T21:27:05Z,101.0
2025-01-04T21:27:10Z,94.0
2025-01-04T21:27:15Z,97.0
2025-01-04T21:27:20Z,101.0
2025-01-04T21:27:25Z,99.0
2025-01-04T21:27:30Z,98.0
2025-01-04T21:27:35Z,103.0
2025-01-04T21:27:40Z,109.0
2025-01-04T21:27:45Z,109.0
2025-01-04T21:27:50Z,108.0
2025-01-04T21:27:55Z,105.0
2025-01-04T21:28:00Z,100.0
2025-01-04T21:28:05Z,94.0
2025-01-04T21:28:10Z,94.0
2025-01-04T21:28:15Z,97.0
2025-01-04T21:28:30Z,102.0
2025-01-04T21:28:35Z,106.0
2025-01-04T21:28:40Z,108.0
2025-01-04T21:28:45Z,107.0
2025-01-04T21:28:50Z,109.0
2025-01-04T21:28:55Z,108.0
2025-01-04T21:29:00Z,109.0
2025-01-04T21:29:05Z,108.0
2025-01-04T21:29:10Z,110.0
2025-01-04T21:29:15Z,111.0
2025-01-04T21:29:20Z,111.0
2025-01-04T21:29:25Z,110.0
2025-01-04T21:29:30Z,109.0
2025-01-04T21:29:35Z,110.0
2025-01-04T21:29:40Z,111.0
2025-01-04T21:29:45Z,109.0
2025-01-04T21:29:50Z,106.0
2025-01-04T21:29:55Z,101.0
2025-01-04T21:30:00Z,97.0
2025-01-04T21:30:05Z,95.0
2025-01-04T21:30:10Z,101.0
2025-01-04T21:30:15Z,107.0
2025-01-04T21:30:20Z,105.0
2025-01-04T21:30:25Z,107.0
2025-01-04T21:30:35Z,105.0
2025-01-04T21:30:45Z,104.0
2025-01-04T21:30:50Z,102.0
2025-01-04T21:30:55Z,104.0
2025-01-04T21:31:00Z,106.0
2025-01-04T21:31:05Z,104.0
2025-01-04T21:31:10Z,105.0
2025-01-04T21:31:20Z,106.0
2025-01-04T21:31:25Z,105.0
2025-01-04T21:31:35Z,104.0
2025-01-04T21:31:40Z,102.0
2025-01-04T21:31:45Z,100.0
2025-01-04T21:31:50Z,99.0
2025-01-04T21:31:55Z,103.0
2025-01-04T21:32:00Z,104.0
2025-01-04T21:32:05Z,105.0
2025-01-04T21:32:10Z,106.0
2025-01-04T21:32:15Z,112.0
2025-01-04T21:32:20Z,110.0
2025-01-04T21:32:25Z,109.0
2025-01-04T21:32:30Z,108.0
2025-01-04T21:32:40Z,107.0
2025-01-04T21:32:45Z,108.0
2025-01-04T21:32:50Z,106.0
2025-01-04T21:32:55Z,100.0
2025-01-04T21:33:00Z,103.0
2025-01-04T21:33:05Z,104.0
2025-01-04T21:33:10Z,101.0
2025-01-04T21:33:15Z,100.0
2025-01-04T21:33:20Z,98.0
2025-01-04T21:33:30Z,99.0
2025-01-04T21:33:35Z,103.0
2025-01-04T21:33:40Z,104.0
2025-01-04T21:33:45Z,105.0
2025-01-04T21:33:50Z,104.0
2025-01-04T21:33:55Z,103.0
2025-01-04T21:34:05Z,104.0
2025-01-04T21:34:10Z,101.0
2025-01-04T21:34:15Z,103.0
2025-01-04T21:34:20Z,107.0
2025-01-04T21:34:25Z,107.0
2025-01-04T21:34:30Z,108.0
2025-01-04T21:34:35Z,110.0
2025-01-04T21:34:40Z,113.0
2025-01-04T21:34:45Z,114.0
2025-01-04T21:34:55Z,112.0
2025-01-04T21:35:05Z,110.0
2025-01-04T21:35:15Z,109.0
2025-01-04T21:35:25Z,109.0
2025-01-04T21:35:30Z,110.0
2025-01-04T21:35:35Z,108.0
2025-01-04T21:35:45Z,107.0
2025-01-04T21:35:50Z,104.0
2025-01-04T21:35:55Z,103.0
2025-01-04T21:36:00Z,101.0
2025-01-04T21:36:10Z,97.0
2025-01-04T21:36:15Z,92.0
2025-01-04T21:36:20Z,91.0
2025-01-04T21:36:25Z,96.0
2025-01-04T21:36:30Z,100.0
2025-01-04T21:36:35Z,101.0
2025-01-04T21:36:40Z,103.0
2025-01-04T21:36:45Z,100.0
2025-01-04T21:36:50Z,97.0
2025-01-04T21:36:55Z,96.0
2025-01-04T21:37:00Z,98.0
2025-01-04T21:37:05Z,99.0
2025-01-04T21:37:10Z,100.0
2025-01-04T21:37:15Z,102.0
2025-01-04T21:37:20Z,100.0
2025-01-04T21:37:25Z,97.0
2025-01-04T21:37:30Z,99.0
2025-01-04T21:37:45Z,99.0
2025-01-04T21:37:50Z,102.0
2025-01-04T21:37:55Z,104.0
2025-01-04T21:38:00Z,100.0
2025-01-04T21:38:10Z,102.0
2025-01-04T21:38:15Z,103.0
2025-01-04T21:38:20Z,102.0
2025-01-04T21:38:25Z,100.0
2025-01-04T21:38:30Z,99.0
2025-01-04T21:38:45Z,99.0
2025-01-04T21:38:50Z,100.0
2025-01-04T21:38:55Z,101.0
2025-01-04T21:39:00Z,99.0
2025-01-04T21:39:05Z,97.0
2025-01-04T21:39:15Z,101.0
2025-01-04T21:39:20Z,104.0
2025-01-04T21:39:25Z,108.0
2025-01-04T21:39:30Z,109.0
2025-01-04T21:39:40Z,108.0
2025-01-04T21:39:45Z,105.0
2025-01-04T21:39:50Z,102.0
2025-01-04T21:39:55Z,103.0
2025-01-04T21:40:00Z,103.0
2025-01-04T21:40:05Z,105.0
2025-01-04T21:40:10Z,106.0
2025-01-04T21:40:15Z,107.0
2025-01-04T21:40:20Z,105.0
2025-01-04T21:40:25Z,108.0
2025-01-04T21:40:30Z,111.0
2025-01-04T21:40:35Z,112.0
2025-01-04T21:40:40Z,116.0
2025-01-04T21:40:55Z,114.0
2025-01-04T21:41:00Z,112.0
2025-01-04T21:41:05Z,112.0
2025-01-04T21:41:10Z,111.0
2025-01-04T21:41:20Z,108.0
2025-01-04T21:41:25Z,102.0
2025-01-04T21:41:30Z,101.0
2025-01-04T21:41:40Z,100.0
2025-01-04T21:41:45Z,101.0
2025-01-04T21:41:50Z,103.0
2025-01-04T21:41:55Z,99.0
2025-01-04T21:42:05Z,100.0
2025-01-04T21:42:10Z,105.0
2025-01-04T21:42:15Z,109.0
2025-01-04T21:42:20Z,110.0
2025-01-04T21:42:25Z,111.0
2025-01-04T21:42:30Z,110.0
2025-01-04T21:42:40Z,102.0
2025-01-04T21:42:45Z,98.0
2025-01-04T21:42:50Z,101.0
2025-01-04T21:42:55Z,106.0
2025-01-04T21:43:00Z,112.0
2025-01-04T21:43:05Z,116.0
2025-01-04T21:43:10Z,115.0
2025-01-04T21:43:15Z,114.0
2025-01-04T21:43:20Z,113.0
2025-01-04T21:43:25Z,115.0
2025-01-04T21:43:30Z,117.0
2025-01-04T21:43:35Z,116.0
2025-01-04T21:43:50Z,115.0
2025-01-04T21:44:00Z,116.0
2025-01-04T21:44:05Z,119.0
2025-01-04T21:44:10Z,121.0
2025-01-04T21:44:15Z,116.0
2025-01-04T21:44:20Z,112.0
2025-01-04T21:44:25Z,110.0
2025-01-04T21:44:30Z,109.0
2025-01-04T21:44:35Z,106.0
2025-01-04T21:44:45Z,103.0
2025-01-04T21:44:50Z,104.0
2025-01-04T21:44:55Z,106.0
2025-01-04T21:45:10Z,107.0
2025-01-04T21:45:25Z,106.0
2025-01-04T21:45:35Z,105.0
2025-01-04T21:45:50Z,105.0
2025-01-04T21:45:55Z,103.0
2025-01-04T21:46:00Z,105.0
2025-01-04T21:46:05Z,106.0
2025-01-04T21:46:10Z,105.0
2025-01-04T21:46:25Z,105.0
2025-01-04T21:46:30Z,104.0
2025-01-04T21:46:35Z,105.0
2025-01-04T21:46:40Z,106.0
2025-01-04T21:46:45Z,104.0
2025-01-04T21:46:55Z,103.0
2025-01-04T21:47:00Z,102.0
2025-01-04T21:47:10Z,103.0
2025-01-04T21:47:25Z,102.0
2025-01-04T21:47:30Z,105.0
2025-01-04T21:47:40Z,106.0
2025-01-04T21:47:45Z,108.0
2025-01-04T21:47:50Z,109.0
2025-01-04T21:47:55Z,108.0
2025-01-04T21:48:00Z,107.0
2025-01-04T21:48:10Z,105.0
2025-01-04T21:48:15Z,100.0
2025-01-04T21:48:20Z,96.0
2025-01-04T21:48:25Z,93.0
2025-01-04T21:48:30Z,90.0
2025-01-04T21:48:35Z,85.0
2025-01-04T21:48:45Z,84.0
2025-01-04T21:48:50Z,87.0
2025-01-04T21:48:55Z,90.0
2025-01-04T21:49:05Z,85.0
2025-01-04T21:49:10Z,83.0
2025-01-04T21:49:15Z,82.0
2025-01-04T21:49:20Z,83.0
2025-01-04T21:49:25Z,80.0
2025-01-04T21:49:30Z,77.0
2025-01-04T21:49:40Z,81.0
2025-01-04T21:49:45Z,80.0
2025-01-04T21:49:50Z,79.0
2025-01-04T21:49:55Z,77.0
2025-01-04T21:50:00Z,76.0
2025-01-04T21:50:10Z,74.0
2025-01-04T21:50:25Z,74.0
2025-01-04T21:50:30Z,77.0
2025-01-04T21:50:35Z,79.0
2025-01-04T21:50:45Z,80.0
2025-01-04T21:51:00Z,82.0
2025-01-04T21:51:05Z,79.0
2025-01-04T21:51:10Z,76.0
2025-01-04T21:51:15Z,78.0
2025-01-04T21:51:20Z,79.0
2025-01-04T21:51:25Z,81.0
2025-01-04T21:51:30Z,82.0
2025-01-04T21:51:35Z,83.0
2025-01-04T21:51:40Z,81.0
2025-01-04T21:51:55Z,82.0
2025-01-04T21:52:00Z,78.0
2025-01-04T21:52:10Z,76.0
2025-01-04T21:52:15Z,75.0
2025-01-04T21:52:25Z,76.0
2025-01-04T21:52:30Z,77.0
2025-01-04T21:52:35Z,79.0
2025-01-04T21:52:45Z,80.0
2025-01-04T21:52:50Z,81.0
2025-01-04T21:53:05Z,80.0
2025-01-04T21:53:10Z,77.0
2025-01-04T21:53:15Z,77.0
2025-01-04T21:53:20Z,76.0
2025-01-04T21:53:25Z,76.0
2025-01-04T21:53:30Z,78.0
2025-01-04T21:53:35Z,79.0
2025-01-04T21:53:50Z,80.0
2025-01-04T21:53:55Z,82.0
2025-01-04T21:54:00Z,81.0
2025-01-04T21:54:05Z,81.0
2025-01-04T21:54:20Z,82.0
2025-01-04T21:54:25Z,83.0
2025-01-04T21:54:30Z,82.0
2025-01-04T21:54:35Z,80.0
2025-01-04T21:54:40Z,79.0
2025-01-04T21:54:55Z,82.0
2025-01-04T21:55:05Z,80.0
2025-01-04T21:55:10Z,79.0
2025-01-04T21:55:15Z,79.0
2025-01-04T21:55:20Z,82.0
2025-01-04T21:55:25Z,84.0
2025-01-04T21:55:30Z,85.0
2025-01-04T21:55:35Z,88.0
2025-01-04T21:55:40Z,89.0
2025-01-04T21:55:50Z,90.0
2025-01-04T21:55:55Z,91.0
2025-01-04T21:56:10Z,91.0
2025-01-04T21:56:25Z,91.0
2025-01-04T21:56:35Z,92.0
2025-01-04T21:56:40Z,90.0
2025-01-04T21:56:45Z,89.0
2025-01-04T21:56:50Z,90.0
2025-01-04T21:56:55Z,89.0
2025-01-04T21:57:01Z,89.0
2025-01-04T21:57:06Z,91.0
2025-01-04T21:57:21Z,91.0
2025-01-04T21:57:31Z,92.0
2025-01-04T21:57:36Z,92.0
2025-01-04T21:57:41Z,92.0
2025-01-04T21:57:51Z,91.0
2025-01-04T21:57:56Z,92.0
2025-01-04T21:58:11Z,92.0
2025-01-04T21:58:21Z,94.0
2025-01-04T21:58:36Z,95.0
2025-01-04T21:58:41Z,96.0
2025-01-04T21:58:56Z,97.0
2025-01-04T21:59:01Z,98.0
2025-01-04T21:59:11Z,97.0
2025-01-04T21:59:21Z,96.0
2025-01-04T21:59:26Z,94.0
2025-01-04T21:59:31Z,93.0
2025-01-04T21:59:41Z,94.0
2025-01-04T21:59:51Z,93.0
2025-01-04T21:59:56Z,91.0
2025-01-04T22:00:01Z,90.0
2025-01-04T22:00:11Z,91.0
2025-01-04T22:00:16Z,92.0
2025-01-04T22:00:21Z,91.0
2025-01-04T22:00:26Z,91.0
2025-01-04T22:00:31Z,100.0
2025-01-04T22:00:36Z,99.0
2025-01-04T22:00:41Z,100.0
2025-01-04T22:00:46Z,98.0
2025-01-04T22:00:51Z,97.0
2025-01-04T22:00:56Z,96.0
2025-01-04T22:01:11Z,96.0
2025-01-04T22:01:21Z,100.0
2025-01-04T22:01:26Z,105.0
2025-01-04T22:01:41Z,106.0
2025-01-04T22:01:51Z,107.0
2025-01-04T22:01:56Z,108.0
2025-01-04T22:02:01Z,109.0
2025-01-04T22:02:11Z,110.0
2025-01-04T22:02:16Z,111.0
2025-01-04T22:02:21Z,109.0
2025-01-04T22:02:26Z,105.0
2025-01-04T22:02:31Z,101.0
2025-01-04T22:02:36Z,96.0
2025-01-04T22:02:41Z,94.0
2025-01-04T22:02:46Z,92.0
2025-01-04T22:02:51Z,87.0
2025-01-04T22:02:56Z,85.0
2025-01-04T22:03:01Z,83.0
2025-01-04T22:03:06Z,91.0
2025-01-04T22:03:11Z,97.0
2025-01-04T22:03:16Z,103.0
2025-01-04T22:03:21Z,105.0
2025-01-04T22:03:26Z,104.0
2025-01-04T22:03:31Z,102.0
2025-01-04T22:03:41Z,100.0
2025-01-04T22:03:46Z,101.0
2025-01-04T22:03:51Z,105.0
2025-01-04T22:03:56Z,107.0
2025-01-04T22:04:06Z,106.0
2025-01-04T22:04:11Z,103.0
2025-01-04T22:04:16Z,104.0
2025-01-04T22:04:21Z,103.0
2025-01-04T22:04:26Z,102.0
2025-01-04T22:04:36Z,103.0
2025-01-04T22:04:41Z,106.0
2025-01-04T22:04:46Z,108.0
2025-01-04T22:04:51Z,110.0
2025-01-04T22:04:56Z,111.0
2025-01-04T22:05:06Z,112.0
2025-01-04T22:05:16Z,113.0
2025-01-04T22:05:21Z,112.0
2025-01-04T22:05:26Z,109.0
2025-01-04T22:05:31Z,105.0
2025-01-04T22:05:36Z,104.0
2025-01-04T22:05:41Z,107.0
2025-01-04T22:05:46Z,108.0
2025-01-04T22:05:51Z,107.0
2025-01-04T22:05:56Z,108.0
2025-01-04T22:06:01Z,110.0
2025-01-04T22:06:16Z,110.0
2025-01-04T22:06:21Z,108.0
2025-01-04T22:06:26Z,106.0
2025-01-04T22:06:31Z,107.0
2025-01-04T22:06:36Z,109.0
2025-01-04T22:06:41Z,107.0
2025-01-04T22:06:46Z,103.0
2025-01-04T22:07:01Z,108.0
2025-01-04T22:07:06Z,113.0
2025-01-04T22:07:16Z,114.0
2025-01-04T22:07:21Z,115.0
2025-01-04T22:07:31Z,114.0
2025-01-04T22:07:36Z,109.0
2025-01-04T22:07:41Z,104.0
2025-01-04T22:07:46Z,108.0
2025-01-04T22:07:56Z,106.0
2025-01-04T22:08:06Z,110.0
2025-01-04T22:08:21Z,108.0
2025-01-04T22:08:26Z,109.0
2025-01-04T22:08:36Z,111.0
2025-01-04T22:08:51Z,110.0
2025-01-04T22:09:01Z,107.0
2025-01-04T22:09:06Z,105.0
2025-01-04T22:09:11Z,107.0
2025-01-04T22:09:16Z,112.0
2025-01-04T22:09:21Z,113.0
2025-01-04T22:09:36Z,115.0
2025-01-04T22:09:41Z,113.0
2025-01-04T22:09:46Z,112.0
2025-01-04T22:09:51Z,111.0
2025-01-04T22:10:01Z,112.0
2025-01-04T22:10:06Z,113.0
2025-01-04T22:10:11Z,112.0
2025-01-04T22:10:16Z,110.0
2025-01-04T22:10:21Z,111.0
2025-01-04T22:10:36Z,111.0
2025-01-04T22:10:41Z,111.0
2025-01-04T22:10:51Z,109.0
2025-01-04T22:10:56Z,107.0
2025-01-04T22:11:06Z,106.0
2025-01-04T22:11:16Z,107.0
2025-01-04T22:11:21Z,109.0
2025-01-04T22:11:36Z,115.0
2025-01-04T22:11:41Z,117.0
2025-01-04T22:11:46Z,117.0
2025-01-04T22:11:51Z,115.0
2025-01-04T22:11:56Z,114.0
2025-01-04T22:12:11Z,113.0
2025-01-04T22:12:21Z,114.0
2025-01-04T22:12:26Z,112.0
2025-01-04T22:12:31Z,109.0
2025-01-04T22:12:36Z,108.0
2025-01-04T22:12:41Z,110.0
2025-01-04T22:12:56Z,110.0
2025-01-04T22:13:01Z,111.0
2025-01-04T22:13:06Z,112.0
2025-01-04T22:13:21Z,114.0
2025-01-04T22:13:26Z,116.0
2025-01-04T22:13:36Z,118.0
2025-01-04T22:13:41Z,120.0
2025-01-04T22:13:46Z,121.0
2025-01-04T22:13:56Z,117.0
2025-01-04T22:14:01Z,114.0
2025-01-04T22:14:11Z,115.0
2025-01-04T22:14:26Z,117.0
2025-01-04T22:14:36Z,116.0
2025-01-04T22:14:46Z,115.0
2025-01-04T22:14:56Z,114.0
2025-01-04T22:15:01Z,111.0
2025-01-04T22:15:06Z,111.0
2025-01-04T22:15:21Z,111.0
2025-01-04T22:15:26Z,110.0
2025-01-04T22:15:31Z,111.0
2025-01-04T22:15:36Z,110.0
2025-01-04T22:15:46Z,105.0
2025-01-04T22:15:51Z,102.0
2025-01-04T22:15:56Z,101.0
2025-01-04T22:16:01Z,102.0
2025-01-04T22:16:11Z,104.0
2025-01-04T22:16:16Z,106.0
2025-01-04T22:16:21Z,105.0
2025-01-04T22:16:26Z,103.0
2025-01-04T22:16:31Z,104.0
2025-01-04T22:16:36Z,110.0
2025-01-04T22:16:41Z,111.0
2025-01-04T22:16:46Z,111.0
2025-01-04T22:16:51Z,109.0
2025-01-04T22:16:56Z,104.0
2025-01-04T22:17:01Z,104.0
2025-01-04T22:17:06Z,103.0
2025-01-04T22:17:21Z,103.0
2025-01-04T22:17:31Z,104.0
2025-01-04T22:17:36Z,105.0
2025-01-04T22:17:41Z,108.0
2025-01-04T22:17:46Z,113.0
2025-01-04T22:18:01Z,113.0
2025-01-04T22:18:06Z,115.0
2025-01-04T22:18:11Z,117.0
2025-01-04T22:18:16Z,118.0
2025-01-04T22:18:21Z,116.0
2025-01-04T22:18:26Z,114.0
2025-01-04T22:18:31Z,112.0
2025-01-04T22:18:36Z,113.0
2025-01-04T22:18:51Z,112.0
2025-01-04T22:18:56Z,110.0
2025-01-04T22:19:01Z,111.0
2025-01-04T22:19:06Z,111.0
2025-01-04T22:19:11Z,110.0
2025-01-04T22:19:16Z,108.0
2025-01-04T22:19:31Z,109.0
2025-01-04T22:19:36Z,111.0
2025-01-04T22:19:41Z,112.0
2025-01-04T22:19:46Z,111.0
2025-01-04T22:19:51Z,108.0
2025-01-04T22:19:56Z,107.0
2025-01-04T22:20:01Z,105.0
2025-01-04T22:20:06Z,104.0
2025-01-04T22:20:11Z,103.0
2025-01-04T22:20:16Z,102.0
2025-01-04T22:20:21Z,101.0
2025-01-04T22:20:26Z,97.0
2025-01-04T22:20:36Z,98.0
2025-01-04T22:20:41Z,97.0
2025-01-04T22:20:51Z,96.0
2025-01-04T22:21:06Z,96.0
2025-01-04T22:21:11Z,97.0
2025-01-04T22:21:16Z,98.0
2025-01-04T22:21:31Z,95.0
2025-01-04T22:21:36Z,93.0
2025-01-04T22:21:51Z,97.0
2025-01-04T22:21:56Z,96.0
2025-01-04T22:22:01Z,97.0
2025-01-04T22:22:11Z,96.0
2025-01-04T22:22:16Z,91.0
2025-01-04T22:22:21Z,89.0
2025-01-04T22:22:26Z,83.0
2025-01-04T22:22:31Z,81.0
2025-01-04T22:22:46Z,81.0
2025-01-04T22:22:51Z,79.0
2025-01-04T22:23:01Z,78.0
2025-01-04T22:23:06Z,77.0
2025-01-04T22:23:11Z,75.0
2025-01-04T22:23:16Z,74.0
2025-01-04T22:23:21Z,75.0
2025-01-04T22:23:26Z,75.0
2025-01-04T22:23:31Z,78.0
2025-01-04T22:23:36Z,76.0
2025-01-04T22:23:51Z,76.0
2025-01-04T22:24:06Z,77.0
2025-01-04T22:24:16Z,77.0
2025-01-04T22:24:21Z,78.0
2025-01-04T22:24:26Z,79.0
2025-01-04T22:24:41Z,77.0
2025-01-04T22:24:46Z,74.0
2025-01-04T22:24:51Z,73.0
2025-01-04T22:25:01Z,75.0
2025-01-04T22:25:06Z,76.0
2025-01-04T22:25:11Z,77.0
2025-01-04T22:25:26Z,77.0
2025-01-04T22:25:36Z,78.0
2025-01-04T22:25:41Z,79.0
2025-01-04T22:25:46Z,78.0
2025-01-04T22:26:01Z,78.0
2025-01-04T22:26:06Z,79.0
2025-01-04T22:26:16Z,78.0
2025-01-04T22:26:21Z,76.0
2025-01-04T22:26:26Z,75.0
2025-01-04T22:26:41Z,75.0
2025-01-04T22:26:51Z,74.0
2025-01-04T22:26:56Z,73.0
2025-01-04T22:27:06Z,71.0
2025-01-04T22:27:11Z,69.0
2025-01-04T22:27:21Z,67.0
2025-01-04T22:27:31Z,66.0
2025-01-04T22:27:36Z,65.0
2025-01-04T22:27:46Z,64.0
2025-01-04T22:28:01Z,65.0
2025-01-04T22:28:06Z,66.0
2025-01-04T22:28:11Z,67.0
2025-01-04T22:28:16Z,70.0
2025-01-04T22:28:21Z,71.0
2025-01-04T22:28:31Z,72.0
2025-01-04T22:28:36Z,72.0
2025-01-04T22:28:51Z,71.0
2025-01-04T22:29:01Z,73.0
2025-01-04T22:29:06Z,74.0
2025-01-04T22:29:21Z,74.0
2025-01-04T22:29:26Z,74.0
2025-01-04T22:29:36Z,73.0
2025-01-04T22:29:41Z,72.0
2025-01-04T22:29:46Z,70.0
2025-01-04T22:29:51Z,70.0
2025-01-04T22:29:56Z,70.0
2025-01-04T22:30:01Z,68.0
2025-01-04T22:30:06Z,68.0
2025-01-04T22:30:16Z,69.0
2025-01-04T22:30:21Z,70.0
2025-01-04T22:30:26Z,72.0
2025-01-04T22:30:31Z,73.0
2025-01-04T22:30:36Z,74.0
2025-01-04T22:30:41Z,75.0
2025-01-04T22:30:46Z,74.0
2025-01-04T22:31:01Z,73.0
2025-01-04T22:31:06Z,72.0
2025-01-04T22:31:11Z,72.0
2025-01-04T22:31:16Z,71.0
2025-01-04T22:31:21Z,70.0
2025-01-04T22:31:26Z,71.0
2025-01-04T22:31:36Z,70.0
2025-01-04T22:31:41Z,69.0
2025-01-04T22:31:46Z,68.0
2025-01-04T22:31:56Z,69.0
2025-01-04T22:32:01Z,70.0
2025-01-04T22:32:16Z,72.0
2025-01-04T22:32:21Z,72.0
2025-01-04T22:32:26Z,73.0
2025-01-04T22:32:36Z,74.0
2025-01-04T22:32:41Z,75.0
2025-01-04T22:32:51Z,77.0
2025-01-04T22:32:56Z,76.0
2025-01-04T22:33:06Z,77.0
2025-01-04T22:33:11Z,77.0
2025-01-04T22:33:16Z,78.0
2025-01-04T22:33:21Z,77.0
2025-01-04T22:33:26Z,79.0
2025-01-04T22:33:31Z,83.0
2025-01-04T22:33:36Z,85.0
2025-01-04T22:33:41Z,86.0
2025-01-04T22:33:46Z,84.0
2025-01-04T22:33:51Z,85.0
2025-01-04T22:33:56Z,86.0
2025-01-04T22:34:01Z,85.0
2025-01-04T22:34:11Z,85.0
2025-01-04T22:34:16Z,84.0
2025-01-04T22:34:26Z,85.0
2025-01-04T22:34:31Z,87.0
2025-01-04T22:34:36Z,88.0
2025-01-04T22:34:41Z,89.0
2025-01-04T22:34:46Z,93.0
2025-01-04T22:34:51Z,94.0
2025-01-04T22:34:56Z,95.0
2025-01-04T22:35:01Z,96.0
2025-01-04T22:35:06Z,98.0
2025-01-04T22:35:11Z,97.0
2025-01-04T22:35:16Z,96.0
2025-01-04T22:35:21Z,93.0
2025-01-04T22:35:31Z,95.0
2025-01-04T22:35:46Z,97.0
2025-01-04T22:35:51Z,98.0
2025-01-04T22:36:01Z,96.0
2025-01-04T22:36:11Z,97.0
2025-01-04T22:36:16Z,98.0
2025-01-04T22:36:21Z,100.0
2025-01-04T22:36:26Z,101.0
2025-01-04T22:36:31Z,102.0
2025-01-04T22:36:36Z,104.0
2025-01-04T22:36:46Z,106.0
2025-01-04T22:36:51Z,104.0
2025-01-04T22:36:56Z,102.0
2025-01-04T22:37:01Z,101.0
2025-01-04T22:37:16Z,99.0
2025-01-04T22:37:21Z,98.0
2025-01-04T22:37:26Z,97.0
2025-01-04T22:37:31Z,95.0
2025-01-04T22:37:36Z,94.0
2025-01-04T22:37:41Z,96.0
2025-01-04T22:37:46Z,97.0
2025-01-04T22:37:51Z,96.0
2025-01-04T22:37:56Z,95.0
2025-01-04T22:38:01Z,94.0
2025-01-04T22:38:06Z,93.0
2025-01-04T22:38:21Z,93.0
2025-01-04T22:38:26Z,94.0
2025-01-04T22:38:31Z,95.0
2025-01-04T22:38:36Z,96.0
2025-01-04T22:38:51Z,97.0
2025-01-04T22:39:01Z,98.0
2025-01-04T22:39:06Z,102.0
2025-01-04T22:39:11Z,105.0
2025-01-04T22:39:16Z,104.0
2025-01-04T22:39:21Z,103.0
2025-01-04T22:39:26Z,99.0
2025-01-04T22:39:31Z,99.0
2025-01-04T22:39:36Z,101.0
2025-01-04T22:39:41Z,103.0
2025-01-04T22:39:46Z,104.0
2025-01-04T22:39:51Z,106.0
2025-01-04T22:40:01Z,106.0
2025-01-04T22:40:06Z,105.0
2025-01-04T22:40:11Z,104.0
2025-01-04T22:40:16Z,103.0
2025-01-04T22:40:21Z,102.0
2025-01-04T22:40:31Z,103.0
2025-01-04T22:40:36Z,104.0
2025-01-04T22:40:41Z,105.0
2025-01-04T22:40:46Z,101.0
2025-01-04T22:40:51Z,99.0
2025-01-04T22:40:56Z,96.0
2025-01-04T22:41:01Z,94.0
2025-01-04T22:41:06Z,93.0
2025-01-04T22:41:11Z,92.0
2025-01-04T22:41:16Z,96.0
2025-01-04T22:41:21Z,97.0
2025-01-04T22:41:26Z,96.0
2025-01-04T22:41:31Z,97.0
2025-01-04T22:41:41Z,98.0
2025-01-04T22:41:46Z,99.0
2025-01-04T22:41:51Z,96.0
2025-01-04T22:41:56Z,95.0
2025-01-04T22:42:11Z,94.0
2025-01-04T22:42:16Z,93.0
2025-01-04T22:42:21Z,90.0
2025-01-04T22:42:26Z,89.0
2025-01-04T22:42:31Z,90.0
2025-01-04T22:42:41Z,91.0
2025-01-04T22:42:56Z,92.0
2025-01-04T22:43:06Z,93.0
2025-01-04T22:43:16Z,97.0
2025-01-04T22:43:21Z,101.0
2025-01-04T22:43:26Z,100.0
2025-01-04T22:43:41Z,100.0
2025-01-04T22:43:56Z,100.0
2025-01-04T22:44:01Z,98.0
2025-01-04T22:44:06Z,90.0
2025-01-04T22:44:11Z,86.0
2025-01-04T22:44:16Z,87.0
2025-01-04T22:44:21Z,84.0
2025-01-04T22:44:26Z,83.0
2025-01-04T22:44:31Z,81.0
2025-01-04T22:44:41Z,82.0
2025-01-04T22:44:51Z,81.0
2025-01-04T22:44:56Z,80.0
2025-01-04T22:45:01Z,78.0
2025-01-04T22:45:11Z,79.0
2025-01-04T22:45:26Z,78.0
2025-01-04T22:45:31Z,79.0
2025-01-04T22:45:36Z,80.0
2025-01-04T22:45:51Z,81.0
2025-01-04T22:45:56Z,82.0
2025-01-04T22:46:11Z,81.0
2025-01-04T22:46:16Z,80.0
2025-01-04T22:46:21Z,78.0
2025-01-04T22:46:26Z,77.0
2025-01-04T22:46:31Z,76.0
2025-01-04T22:46:46Z,75.0
2025-01-04T22:46:51Z,74.0
2025-01-04T22:46:56Z,77.0
2025-01-04T22:47:01Z,80.0
2025-01-04T22:47:06Z,81.0
2025-01-04T22:47:11Z,81.0
2025-01-04T22:47:16Z,82.0
2025-01-04T22:47:26Z,84.0
2025-01-04T22:47:31Z,83.0
2025-01-04T22:47:36Z,81.0
2025-01-04T22:47:46Z,80.0
2025-01-04T22:48:01Z,80.0
2025-01-04T22:48:06Z,81.0
2025-01-04T22:48:21Z,82.0
2025-01-04T22:48:31Z,83.0
2025-01-04T22:48:36Z,85.0
2025-01-04T22:48:41Z,86.0
2025-01-04T22:48:46Z,88.0
2025-01-04T22:48:51Z,89.0
2025-01-04T22:48:56Z,87.0
2025-01-04T22:49:11Z,87.0
2025-01-04T22:49:26Z,87.0
2025-01-04T22:49:41Z,87.0
2025-01-04T22:49:56Z,86.0
2025-01-04T22:50:11Z,86.0
2025-01-04T22:50:21Z,86.0
2025-01-04T22:50:26Z,87.0
2025-01-04T22:50:31Z,86.0
2025-01-04T22:50:41Z,87.0
2025-01-04T22:50:46Z,84.0
2025-01-04T22:50:51Z,83.0
2025-01-04T22:50:56Z,85.0
2025-01-04T22:51:01Z,85.0
2025-01-04T22:51:06Z,86.0
2025-01-04T22:51:11Z,87.0
2025-01-04T22:51:26Z,87.0
2025-01-04T22:51:36Z,84.0
2025-01-04T22:51:41Z,85.0
2025-01-04T22:51:51Z,86.0
2025-01-04T22:52:01Z,86.0
2025-01-04T22:52:06Z,87.0
2025-01-04T22:52:21Z,86.0
2025-01-04T22:52:31Z,84.0
2025-01-04T22:52:36Z,82.0
2025-01-04T22:52:41Z,83.0
2025-01-04T22:52:46Z,85.0
2025-01-04T22:52:51Z,84.0
2025-01-04T22:53:06Z,85.0
2025-01-04T22:53:11Z,89.0
2025-01-04T22:53:16Z,93.0
2025-01-04T22:53:31Z,93.0
2025-01-04T22:53:46Z,92.0
2025-01-04T22:54:01Z,91.0
2025-01-04T22:54:06Z,90.0
2025-01-04T22:54:21Z,90.0
2025-01-04T22:54:26Z,89.0
2025-01-04T22:54:41Z,90.0
2025-01-04T22:54:51Z,89.0
2025-01-04T22:55:01Z,88.0
2025-01-04T22:55:06Z,88.0
2025-01-04T22:55:21Z,89.0
2025-01-04T22:55:26Z,91.0
2025-01-04T22:55:36Z,90.0
2025-01-04T22:55:41Z,91.0
2025-01-04T22:55:46Z,90.0
2025-01-04T22:55:56Z,91.0
2025-01-04T22:56:11Z,92.0
2025-01-04T22:56:16Z,91.0
2025-01-04T22:56:21Z,90.0
2025-01-04T22:56:36Z,90.0
2025-01-04T22:56:46Z,94.0
2025-01-04T22:56:56Z,93.0
2025-01-04T22:57:01Z,91.0
2025-01-04T22:57:11Z,92.0
2025-01-04T22:57:16Z,93.0
2025-01-04T22:57:21Z,92.0
2025-01-04T22:57:26Z,91.0
2025-01-04T22:57:31Z,90.0
2025-01-04T22:57:36Z,89.0
2025-01-04T22:57:41Z,90.0
2025-01-04T22:57:46Z,91.0
2025-01-04T22:58:01Z,90.0
2025-01-04T22:58:06Z,88.0
2025-01-04T22:58:16Z,91.0
2025-01-04T22:58:21Z,92.0
2025-01-04T22:58:26Z,94.0
2025-01-04T22:58:31Z,95.0
2025-01-04T22:58:46Z,94.0
2025-01-04T22:59:01Z,93.0
2025-01-04T22:59:16Z,94.0
2025-01-04T22:59:31Z,94.0
2025-01-04T22:59:36Z,97.0
2025-01-04T22:59:41Z,96.0
2025-01-04T22:59:46Z,94.0
2025-01-04T23:00:01Z,93.0
2025-01-04T23:00:11Z,92.0
2025-01-04T23:00:16Z,91.0
2025-01-04T23:00:26Z,92.0
2025-01-04T23:00:41Z,92.0
2025-01-04T23:00:46Z,93.0
2025-01-04T23:00:51Z,94.0
2025-01-04T23:01:06Z,94.0
2025-01-04T23:01:11Z,96.0
2025-01-04T23:01:21Z,94.0
2025-01-04T23:01:26Z,90.0
2025-01-04T23:01:31Z,90.0
2025-01-04T23:01:46Z,89.0
2025-01-04T23:01:56Z,87.0
2025-01-04T23:02:01Z,84.0
2025-01-04T23:02:06Z,85.0
2025-01-04T23:02:21Z,85.0
2025-01-04T23:02:36Z,85.0
2025-01-04T23:02:46Z,86.0
2025-01-04T23:02:51Z,88.0
2025-01-04T23:02:56Z,89.0
2025-01-04T23:03:01Z,90.0
2025-01-04T23:03:06Z,93.0
2025-01-04T23:03:11Z,94.0
2025-01-04T23:03:16Z,95.0
2025-01-04T23:03:21Z,97.0
2025-01-04T23:03:26Z,98.0
2025-01-04T23:03:36Z,97.0
2025-01-04T23:03:41Z,96.0
2025-01-04T23:03:56Z,96.0
2025-01-04T23:04:06Z,95.0
2025-01-04T23:04:16Z,95.0
2025-01-04T23:04:21Z,96.0
2025-01-04T23:04:26Z,98.0
2025-01-04T23:04:31Z,100.0
2025-01-04T23:04:36Z,99.0
2025-01-04T23:04:46Z,93.0
2025-01-04T23:04:51Z,92.0
2025-01-04T23:04:56Z,91.0
2025-01-04T23:05:06Z,90.0
2025-01-04T23:05:11Z,91.0
2025-01-04T23:05:21Z,92.0
2025-01-04T23:05:26Z,95.0
2025-01-04T23:05:31Z,95.0
2025-01-04T23:05:36Z,94.0
2025-01-04T23:05:51Z,95.0
2025-01-04T23:05:56Z,95.0
2025-01-04T23:06:01Z,96.0
2025-01-04T23:06:11Z,94.0
2025-01-04T23:06:21Z,95.0
2025-01-04T23:06:31Z,94.0
2025-01-04T23:06:36Z,92.0
2025-01-04T23:06:41Z,90.0
2025-01-04T23:06:56Z,90.0
2025-01-04T23:07:11Z,90.0
2025-01-04T23:07:16Z,91.0
2025-01-04T23:07:21Z,92.0
2025-01-04T23:07:26Z,94.0
2025-01-04T23:07:31Z,93.0
2025-01-04T23:07:36Z,93.0
2025-01-04T23:07:41Z,94.0
2025-01-04T23:07:46Z,93.0
2025-01-04T23:07:56Z,94.0
2025-01-04T23:08:01Z,95.0
2025-01-04T23:08:16Z,94.0
2025-01-04T23:08:31Z,92.0
2025-01-04T23:08:41Z,93.0
2025-01-04T23:08:46Z,94.0
2025-01-04T23:08:51Z,93.0
2025-01-04T23:08:56Z,93.0
2025-01-04T23:09:11Z,93.0
2025-01-04T23:09:16Z,92.0
2025-01-04T23:09:31Z,92.0
2025-01-04T23:09:36Z,93.0
2025-01-04T23:09:41Z,92.0
2025-01-04T23:09:51Z,90.0
2025-01-04T23:10:01Z,91.0
2025-01-04T23:10:06Z,92.0
2025-01-04T23:10:21Z,93.0
2025-01-04T23:10:36Z,93.0
2025-01-04T23:10:51Z,94.0
2025-01-04T23:11:06Z,94.0
2025-01-04T23:11:16Z,94.0
2025-01-04T23:11:31Z,94.0
2025-01-04T23:11:36Z,94.0
2025-01-04T23:11:41Z,92.0
2025-01-04T23:11:46Z,93.0
2025-01-04T23:11:51Z,93.0
2025-01-04T23:11:56Z,92.0
2025-01-04T23:12:01Z,91.0
2025-01-04T23:12:16Z,91.0
2025-01-04T23:12:21Z,92.0
2025-01-04T23:12:26Z,93.0
2025-01-04T23:12:31Z,92.0
2025-01-04T23:12:41Z,93.0
2025-01-04T23:12:56Z,93.0
2025-01-04T23:13:11Z,93.0
2025-01-04T23:13:21Z,92.0
2025-01-04T23:13:26Z,91.0
2025-01-04T23:13:36Z,90.0
2025-01-04T23:13:41Z,91.0
2025-01-04T23:13:56Z,92.0
2025-01-04T23:14:06Z,91.0
2025-01-04T23:14:21Z,91.0
2025-01-04T23:14:36Z,90.0
2025-01-04T23:14:41Z,89.0
2025-01-04T23:14:51Z,90.0
2025-01-04T23:15:01Z,91.0
2025-01-04T23:15:06Z,93.0
2025-01-04T23:15:21Z,92.0
2025-01-04T23:15:36Z,91.0
2025-01-04T23:15:46Z,91.0
2025-01-04T23:16:01Z,91.0
2025-01-04T23:16:11Z,91.0
2025-01-04T23:16:16Z,92.0
2025-01-04T23:16:31Z,89.0
2025-01-04T23:16:46Z,90.0
2025-01-04T23:16:51Z,91.0
2025-01-04T23:16:56Z,90.0
2025-01-04T23:17:06Z,89.0
2025-01-04T23:17:16Z,90.0
2025-01-04T23:17:21Z,91.0
2025-01-04T23:17:26Z,92.0
2025-01-04T23:17:31Z,91.0
2025-01-04T23:17:36Z,92.0
2025-01-04T23:17:41Z,92.0
2025-01-04T23:17:46Z,93.0
2025-01-04T23:17:51Z,93.0
2025-01-04T23:17:56Z,92.0
2025-01-04T23:18:01Z,91.0
2025-01-04T23:18:11Z,91.0
2025-01-04T23:18:16Z,90.0
2025-01-04T23:18:21Z,90.0
2025-01-04T23:18:31Z,91.0
2025-01-04T23:18:36Z,92.0
2025-01-04T23:18:41Z,93.0
2025-01-04T23:18:56Z,94.0
2025-01-04T23:19:01Z,93.0
2025-01-04T23:19:16Z,92.0
2025-01-04T23:19:31Z,92.0
2025-01-04T23:19:36Z,91.0
2025-01-04T23:19:41Z,90.0
2025-01-04T23:19:56Z,89.0
2025-01-04T23:20:01Z,90.0
2025-01-04T23:20:06Z,91.0
2025-01-04T23:20:16Z,90.0
2025-01-04T23:20:21Z,89.0
2025-01-04T23:20:36Z,89.0
2025-01-04T23:20:51Z,89.0
2025-01-04T23:21:06Z,89.0
2025-01-04T23:21:11Z,90.0
2025-01-04T23:21:16Z,91.0
2025-01-04T23:21:21Z,92.0
2025-01-04T23:21:36Z,92.0
2025-01-04T23:21:41Z,91.0
2025-01-04T23:21:46Z,89.0
2025-01-04T23:21:51Z,88.0
2025-01-04T23:21:56Z,89.0
2025-01-04T23:22:01Z,90.0
2025-01-04T23:22:06Z,89.0
2025-01-04T23:22:16Z,89.0
2025-01-04T23:22:21Z,90.0
2025-01-04T23:22:26Z,89.0
2025-01-04T23:22:31Z,89.0
2025-01-04T23:22:41Z,90.0
2025-01-04T23:22:46Z,94.0
2025-01-04T23:22:51Z,93.0
2025-01-04T23:23:01Z,92.0
2025-01-04T23:23:11Z,91.0
2025-01-04T23:23:26Z,91.0
2025-01-04T23:23:41Z,89.0
2025-01-04T23:23:46Z,87.0
2025-01-04T23:23:51Z,88.0
2025-01-04T23:24:06Z,88.0
2025-01-04T23:24:21Z,89.0
2025-01-04T23:24:36Z,89.0
2025-01-04T23:24:41Z,85.0
2025-01-04T23:24:46Z,86.0
2025-01-04T23:24:51Z,88.0
2025-01-04T23:24:56Z,87.0
2025-01-04T23:25:01Z,85.0
2025-01-04T23:25:06Z,84.0
2025-01-04T23:25:16Z,85.0
2025-01-04T23:25:21Z,89.0
2025-01-04T23:25:26Z,89.0
2025-01-04T23:25:36Z,88.0
2025-01-04T23:25:41Z,89.0
2025-01-04T23:25:46Z,88.0
2025-01-04T23:25:51Z,90.0
2025-01-04T23:26:06Z,89.0
2025-01-04T23:26:21Z,89.0
2025-01-04T23:26:36Z,89.0
2025-01-04T23:26:41Z,90.0
2025-01-04T23:26:51Z,88.0
2025-01-04T23:27:06Z,89.0
2025-01-04T23:27:16Z,90.0
2025-01-04T23:27:31Z,94.0
2025-01-04T23:27:36Z,90.0
2025-01-04T23:27:41Z,87.0
2025-01-04T23:27:46Z,87.0
2025-01-04T23:28:01Z,87.0
2025-01-04T23:28:06Z,88.0
2025-01-04T23:28:11Z,89.0
2025-01-04T23:28:21Z,92.0
2025-01-04T23:28:26Z,93.0
2025-01-04T23:28:31Z,95.0
2025-01-04T23:28:41Z,94.0
2025-01-04T23:28:46Z,90.0
2025-01-04T23:28:51Z,90.0
2025-01-04T23:29:01Z,91.0
2025-01-04T23:29:11Z,92.0
2025-01-04T23:29:26Z,94.0
2025-01-04T23:29:31Z,95.0
2025-01-04T23:29:36Z,96.0
2025-01-04T23:29:46Z,97.0
2025-01-04T23:29:56Z,98.0
2025-01-04T23:30:01Z,97.0
2025-01-04T23:30:06Z,96.0
2025-01-04T23:30:11Z,95.0
2025-01-04T23:30:16Z,94.0
2025-01-04T23:30:26Z,93.0
2025-01-04T23:30:31Z,90.0
2025-01-04T23:30:36Z,89.0
2025-01-04T23:30:41Z,89.0
2025-01-04T23:30:46Z,89.0
2025-01-04T23:30:51Z,89.0
2025-01-04T23:30:56Z,90.0
2025-01-04T23:31:11Z,92.0
2025-01-04T23:31:16Z,93.0
2025-01-04T23:31:26Z,96.0
2025-01-04T23:31:31Z,96.0
2025-01-04T23:31:46Z,99.0
2025-01-04T23:31:51Z,98.0
2025-01-04T23:31:56Z,97.0
2025-01-04T23:32:01Z,93.0
2025-01-04T23:32:06Z,92.0
2025-01-04T23:32:16Z,93.0
2025-01-04T23:32:31Z,93.0
2025-01-04T23:32:41Z,94.0
2025-01-04T23:32:56Z,94.0
2025-01-04T23:33:11Z,92.0
2025-01-04T23:33:16Z,91.0
2025-01-04T23:33:31Z,91.0
2025-01-04T23:33:36Z,93.0
2025-01-04T23:33:51Z,93.0
2025-01-04T23:33:56Z,94.0
2025-01-04T23:34:01Z,95.0
2025-01-04T23:34:06Z,98.0
2025-01-04T23:34:11Z,98.0
2025-01-04T23:34:26Z,98.0
2025-01-04T23:34:31Z,99.0
2025-01-04T23:34:41Z,100.0
2025-01-04T23:34:51Z,97.0
2025-01-04T23:34:56Z,94.0
2025-01-04T23:35:01Z,95.0
2025-01-04T23:35:06Z,95.0
2025-01-04T23:35:21Z,96.0
2025-01-04T23:35:36Z,96.0
2025-01-04T23:35:51Z,96.0
2025-01-04T23:36:01Z,92.0
2025-01-04T23:36:06Z,91.0
2025-01-04T23:36:11Z,92.0
2025-01-04T23:36:16Z,92.0
2025-01-04T23:36:21Z,96.0
2025-01-04T23:36:26Z,97.0
2025-01-04T23:36:31Z,98.0
2025-01-04T23:36:41Z,100.0
2025-01-04T23:36:46Z,101.0
2025-01-04T23:36:51Z,102.0
2025-01-04T23:36:56Z,98.0
2025-01-04T23:37:01Z,94.0
2025-01-04T23:37:06Z,95.0
2025-01-04T23:37:11Z,94.0
2025-01-04T23:37:21Z,93.0
2025-01-04T23:37:26Z,94.0
2025-01-04T23:37:36Z,95.0
2025-01-04T23:37:41Z,96.0
2025-01-04T23:37:46Z,100.0
2025-01-04T23:37:56Z,98.0
2025-01-04T23:38:01Z,97.0
2025-01-04T23:38:06Z,95.0
2025-01-04T23:38:16Z,96.0
2025-01-04T23:38:21Z,97.0
2025-01-04T23:38:31Z,98.0
2025-01-04T23:38:46Z,97.0
2025-01-04T23:38:51Z,99.0
2025-01-04T23:39:01Z,100.0
2025-01-04T23:39:06Z,101.0
2025-01-04T23:39:21Z,101.0
2025-01-04T23:39:26Z,101.0
2025-01-04T23:39:31Z,99.0
2025-01-04T23:39:36Z,93.0
2025-01-04T23:39:41Z,92.0
2025-01-04T23:39:56Z,92.0
2025-01-04T23:40:06Z,93.0
2025-01-04T23:40:11Z,101.0
2025-01-04T23:40:21Z,99.0
2025-01-04T23:40:26Z,97.0
2025-01-04T23:40:31Z,96.0
2025-01-04T23:40:41Z,95.0
2025-01-04T23:40:51Z,96.0
2025-01-04T23:40:56Z,99.0
2025-01-04T23:41:01Z,98.0
2025-01-04T23:41:06Z,96.0
2025-01-04T23:41:11Z,97.0
2025-01-04T23:41:16Z,95.0
2025-01-04T23:41:26Z,97.0
2025-01-04T23:41:31Z,98.0
2025-01-04T23:41:36Z,97.0
2025-01-04T23:41:41Z,95.0
2025-01-04T23:41:46Z,94.0
2025-01-04T23:42:01Z,95.0
2025-01-04T23:42:06Z,97.0
2025-01-04T23:42:11Z,96.0
2025-01-04T23:42:26Z,96.0
2025-01-04T23:42:31Z,96.0
2025-01-04T23:42:41Z,97.0
2025-01-04T23:42:56Z,97.0
2025-01-04T23:43:11Z,95.0
2025-01-04T23:43:21Z,94.0
2025-01-04T23:43:26Z,95.0
2025-01-04T23:43:41Z,97.0
2025-01-04T23:43:46Z,97.0
2025-01-04T23:43:56Z,96.0
2025-01-04T23:44:01Z,95.0
2025-01-04T23:44:06Z,94.0
2025-01-04T23:44:21Z,95.0
2025-01-04T23:44:26Z,96.0
2025-01-04T23:44:36Z,94.0
2025-01-04T23:44:41Z,92.0
2025-01-04T23:44:46Z,93.0
2025-01-04T23:44:51Z,94.0
2025-01-04T23:45:01Z,93.0
2025-01-04T23:45:06Z,94.0
2025-01-04T23:45:21Z,94.0
2025-01-04T23:45:26Z,93.0
2025-01-04T23:45:31Z,94.0
2025-01-04T23:45:41Z,93.0
2025-01-04T23:45:56Z,93.0
2025-01-04T23:46:11Z,94.0
2025-01-04T23:46:26Z,92.0
2025-01-04T23:46:41Z,90.0
2025-01-04T23:46:46Z,90.0
2025-01-04T23:46:51Z,91.0
2025-01-04T23:46:56Z,93.0
2025-01-04T23:47:11Z,94.0
2025-01-04T23:47:21Z,95.0
2025-01-04T23:47:36Z,96.0
2025-01-04T23:47:51Z,95.0
2025-01-04T23:47:56Z,94.0
2025-01-04T23:48:01Z,93.0
2025-01-04T23:48:06Z,92.0
2025-01-04T23:48:21Z,91.0
2025-01-04T23:48:26Z,90.0
2025-01-04T23:48:31Z,89.0
2025-01-04T23:48:46Z,89.0
2025-01-04T23:48:51Z,88.0
2025-01-04T23:48:56Z,86.0
2025-01-04T23:49:01Z,85.0
2025-01-04T23:49:06Z,89.0
2025-01-04T23:49:11Z,95.0
2025-01-04T23:49:16Z,98.0
2025-01-04T23:49:26Z,97.0
2025-01-04T23:49:31Z,98.0
2025-01-04T23:49:36Z,97.0
2025-01-04T23:49:51Z,98.0
2025-01-04T23:49:56Z,92.0
2025-01-04T23:50:01Z,88.0
2025-01-04T23:50:11Z,91.0
2025-01-04T23:50:16Z,94.0
2025-01-04T23:50:26Z,93.0
2025-01-04T23:50:31Z,90.0
2025-01-04T23:50:36Z,92.0
2025-01-04T23:50:41Z,94.0
2025-01-04T23:50:51Z,93.0
2025-01-04T23:50:56Z,91.0
2025-01-04T23:51:01Z,97.0
2025-01-04T23:51:06Z,93.0
2025-01-04T23:51:11Z,87.0
2025-01-04T23:51:26Z,88.0
2025-01-04T23:51:36Z,87.0
2025-01-04T23:51:46Z,85.0
2025-01-04T23:51:51Z,86.0
2025-01-04T23:51:56Z,87.0
2025-01-04T23:52:06Z,88.0
2025-01-04T23:52:16Z,89.0
2025-01-04T23:52:21Z,90.0
2025-01-04T23:52:31Z,91.0
2025-01-04T23:52:36Z,92.0
2025-01-04T23:52:51Z,92.0
2025-01-04T23:53:06Z,89.0
2025-01-04T23:53:11Z,88.0
2025-01-04T23:53:16Z,91.0
2025-01-04T23:53:21Z,93.0
2025-01-04T23:53:26Z,92.0
2025-01-04T23:53:36Z,90.0
2025-01-04T23:53:41Z,87.0
2025-01-04T23:53:51Z,89.0
2025-01-04T23:53:56Z,90.0
2025-01-04T23:54:01Z,92.0
2025-01-04T23:54:16Z,90.0
2025-01-04T23:54:26Z,88.0
2025-01-04T23:54:31Z,87.0
2025-01-04T23:54:36Z,88.0
2025-01-04T23:54:41Z,89.0
2025-01-04T23:54:46Z,92.0
2025-01-04T23:54:51Z,91.0
2025-01-04T23:54:56Z,89.0
2025-01-04T23:55:01Z,86.0
2025-01-04T23:55:06Z,84.0
2025-01-04T23:55:11Z,82.0
2025-01-04T23:55:16Z,83.0
2025-01-04T23:55:21Z,85.0
2025-01-04T23:55:26Z,86.0
2025-01-04T23:55:31Z,89.0
2025-01-04T23:55:36Z,91.0
2025-01-04T23:55:41Z,90.0
2025-01-04T23:55:46Z,89.0
2025-01-04T23:55:51Z,89.0
2025-01-04T23:55:56Z,88.0
2025-01-04T23:56:06Z,89.0
2025-01-04T23:56:21Z,89.0
2025-01-04T23:56:36Z,88.0
2025-01-04T23:56:41Z,88.0
2025-01-04T23:56:46Z,89.0
2025-01-04T23:57:01Z,90.0
2025-01-04T23:57:16Z,90.0
2025-01-04T23:57:21Z,88.0
2025-01-04T23:57:31Z,87.0
2025-01-04T23:57:46Z,83.0
2025-01-04T23:57:51Z,84.0
2025-01-04T23:57:56Z,85.0
2025-01-04T23:58:11Z,85.0
2025-01-04T23:58:16Z,86.0
2025-01-04T23:58:21Z,85.0
2025-01-04T23:58:31Z,84.0
2025-01-04T23:58:46Z,84.0
2025-01-04T23:58:51Z,91.0
2025-01-04T23:58:56Z,92.0
2025-01-04T23:59:06Z,90.0
2025-01-04T23:59:11Z,87.0
2025-01-04T23:59:21Z,88.0
2025-01-04T23:59:36Z,88.0
2025-01-04T23:59:51Z,88.0
